pid,eligible_order,title,title_en,authors,year,issn,journal_title,doi,document_type,language,source_file,source_file_exists,source_column,task_packet_file,input_text_hash,input_hash,input_hash_matches_source,body_hash_matches_inventory,body_char_count,body_word_count,source_method,source_url,retrieved_at,abstract_char_count,reference_tail_ratio,validation_flags,fulltext_validation_status,pilot_exclusion_policy,scope_exclusion_policy,ordering_policy
S1981-38212020000100201,173,How 'Democratic' is the Democratic Peace? A Survey Experiment of Foreign Policy Preferences in Brazil and China,How 'Democratic' is the Democratic Peace? A Survey Experiment of Foreign Policy Preferences in Brazil and China,Clara H. Suong; Scott Desposato; Erik Gartzke,2020,1981-3821,Brazilian Political Science Review,10.1590/1981-3821202000010002,research-article,en,data/processed/fulltext_corpus/article_texts_corpus.csv,TRUE,body_text,data/processed/credibility_prompt_v3_full_corpus/task_packets/173_S1981-38212020000100201.md,2686188d6ef37194525ed99c97afdeb99223519bf05fbb2ccf53fc2020f13ca1,0ab6cd3cf5a680a59a4ad11346793b4c2564ccc31e0c57fbbe4508ab9a0bbd3d,TRUE,TRUE,51101,7840,articlemeta_fulltexts_html,http://www.scielo.br/j/bpsr/a/kySyhpwVXRSnmBmWCnXYzht/?lang=en,2026-06-04T00:49:54Z,1167,0,,PASS,exclude_pilot_175,exclude_analysis_ledger_journals_and_articles,journal_year_pid_with_lua_nova_last
S2236-57102023000100205,274,A AGENDA DE PESQUISA DA BUROCRACIA DE NÍVEL DE RUA NO CONTEXTO DA PANDEMIA: UMA REVISÃO INTEGRATIVA,THE STREET-LEVEL BUREAUCRACY RESEARCH AGENDA IN THE PANDEMIC CONTEXT: AN INTEGRATIVE REVIEW,Carlos Eduardo Guilarducci Fonseca; Magnus Luiz Emmendoerfer; Josiel Lopes Valadares,2023,2236-5710,Cadernos Gestão Pública e Cidadania,10.12660/CGPC.V28.85447,research-article,pt,data/processed/fulltext_corpus/article_texts_corpus.csv,TRUE,body_text,data/processed/credibility_prompt_v3_full_corpus/task_packets/274_S2236-57102023000100205.md,3f27d5c4760051b4dd5f824d39c9bc1bf0ec6782a096611064d8ce2c0b2ecd5a,cc4a479af68b545bc8ba495cf117ec6ad0c83f75c86123048f2e08d6ff167271,TRUE,TRUE,36346,5519,articlemeta_fulltexts_html,http://www.scielo.br/j/cgpc/a/Yc7Lx9HXpRQS67PWZxCjnMt/?lang=pt,2026-06-04T00:50:44Z,1507,0,,PASS,exclude_pilot_175,exclude_analysis_ledger_journals_and_articles,journal_year_pid_with_lua_nova_last
S2236-57102024000100204,307,FATORES FISCAIS E SOCIOECONÔMICOS QUE AFETAM A CRIMINALIDADE NO BRASIL,Fiscal and socioeconomic factors affecting criminality in Brazil,Rhomenig Oliveira de Souza; Felipe Storch Damasceno; Rebeca Corrêa Gomes Marques; Neyla Tardin,2024,2236-5710,Cadernos Gestão Pública e Cidadania,10.12660/CGPC.V29.89194,research-article,pt,data/processed/fulltext_corpus/article_texts_corpus.csv,TRUE,body_text,data/processed/credibility_prompt_v3_full_corpus/task_packets/307_S2236-57102024000100204.md,f0cc55aa643481ac9bca1d1c6ae6c3f6e48cb3bdcf3cae7a0fcfafbae61cf31d,5104c4c4815c042e0c57c2e8e7a9fa748760cf99118cb40c5192578c2a748196,TRUE,TRUE,36351,5593,articlemeta_fulltexts_html,http://www.scielo.br/j/cgpc/a/rhTv7DbF6qw8ndHZYYYFJ3K/?lang=pt,2026-06-04T00:51:00Z,842,0,,PASS,exclude_pilot_175,exclude_analysis_ledger_journals_and_articles,journal_year_pid_with_lua_nova_last
S1981-38212016000200206,112,Unboxing the Active Role of the Legislative Power in Brazil,Unboxing the Active Role of the Legislative Power in Brazil,Andréa Marcondes de Freitas,2016,1981-3821,Brazilian Political Science Review,10.1590/1981-38212016000200004,research-article,en,data/processed/fulltext_corpus/article_texts_corpus.csv,TRUE,body_text,data/processed/credibility_prompt_v3_full_corpus/task_packets/112_S1981-38212016000200206.md,303958a0759f117dee91adeb51cdd2e11c1f266635a38ae56da71087bff4fbb0,333502f7b5049b770f8774b9fde87f01c307f8f9129858457473759ba9d39c3b,TRUE,TRUE,52272,8496,articlemeta_fulltexts_html,http://www.scielo.br/j/bpsr/a/GjbT5XFWqbzttFJkfpVKGmB/?lang=en,2026-06-04T00:49:28Z,1042,0,,PASS,exclude_pilot_175,exclude_analysis_ledger_journals_and_articles,journal_year_pid_with_lua_nova_last
S1981-38212019000300203,170,Race and Competitiveness in Brazilian Elections: Evaluating the Chances of Black and Brown Candidates through Quantile Regression Analysis of Brazil's 2014 Congressional Elections,Race and Competitiveness in Brazilian Elections: Evaluating the Chances of Black and Brown Candidates through Quantile Regression Analysis of Brazil's 2014 Congressional Elections,Carlos Augusto Machado; Luiz Augusto Campos; Filipe Recch,2019,1981-3821,Brazilian Political Science Review,10.1590/1981-3821201900030003,research-article,en,data/processed/fulltext_corpus/article_texts_corpus.csv,TRUE,body_text,data/processed/credibility_prompt_v3_full_corpus/task_packets/170_S1981-38212019000300203.md,682a7f9413701c8889975d8a2381bf082793b0c8bb8d2ac2346ef42ba318ce85,d1e8fb3a73b6e62f2891b247e1266cc22e2ff70e7455f3d97e2f7dcc2356956e,TRUE,TRUE,34124,5278,articlemeta_fulltexts_html,http://www.scielo.br/j/bpsr/a/4PsrySrCcG4dGSjttTyrxSF/?lang=en,2026-06-04T00:49:53Z,1417,0,,PASS,exclude_pilot_175,exclude_analysis_ledger_journals_and_articles,journal_year_pid_with_lua_nova_last
S1981-38212022000200207,211,-State Presence in Brazilian Social Assistance Services: Effects on the Creation of Nonprofit Private Providers,-State Presence in Brazilian Social Assistance Services: Effects on the Creation of Nonprofit Private Providers,Ana Paula Karruz; Natália Sátyro; Eleonora Cunha,2022,1981-3821,Brazilian Political Science Review,10.1590/1981-3821202200020006,research-article,en,data/processed/fulltext_corpus/article_texts_corpus.csv,TRUE,body_text,data/processed/credibility_prompt_v3_full_corpus/task_packets/211_S1981-38212022000200207.md,6b5497bc1207a53281b14bc19c34efbe002093337b72cbd4a630d797629eb826,f0257f3ee1d88784e02c8c18cee08b5a49d7065f870164dbb17e7d393935864e,TRUE,TRUE,58012,8916,articlemeta_fulltexts_html,http://www.scielo.br/j/bpsr/a/NMq8YYndPRCsM9pP4ndkRPd/?lang=en,2026-06-04T00:50:12Z,1081,0,,PASS,exclude_pilot_175,exclude_analysis_ledger_journals_and_articles,journal_year_pid_with_lua_nova_last
S1981-38212008000200074,16,Policy Positions in the Chilean Senate: An Analysis of Coauthorship and Roll Call Data,Policy Positions in the Chilean Senate: An Analysis of Coauthorship and Roll Call Data,Eduardo Alemán,2008,1981-3821,Brazilian Political Science Review,10.1590/1981-3846200800020003,research-article,en,data/processed/fulltext_corpus/article_texts_corpus.csv,TRUE,body_text,data/processed/credibility_prompt_v3_full_corpus/task_packets/16_S1981-38212008000200074.md,ab58d72e0d53f304a49f788b281604e0eaa0f778015b4ff8d71a6b051aed9736,2b5fbe390d6b45971e021da47fa9e505b64f68db0db689cc4a27fcc30b5edfe4,TRUE,TRUE,37676,5746,articlemeta_fulltexts_html,http://www.scielo.br/j/bpsr/a/NfqLDj9S5k5hKDcbRc6nFFS/?lang=en,2026-06-04T00:48:01Z,914,0,,PASS,exclude_pilot_175,exclude_analysis_ledger_journals_and_articles,journal_year_pid_with_lua_nova_last
S1981-38212019000200202,163,Migrant Remittances and Rights to Physical Integrity: A Cross-section Study of Latin America (1981-2014),Migrant Remittances and Rights to Physical Integrity: A Cross-section Study of Latin America (1981-2014),Cristiane Lucena Carneiro; Ana Figueroa,2019,1981-3821,Brazilian Political Science Review,10.1590/1981-3821201900020004,research-article,en,data/processed/fulltext_corpus/article_texts_corpus.csv,TRUE,body_text,data/processed/credibility_prompt_v3_full_corpus/task_packets/163_S1981-38212019000200202.md,840b55105f13771deed9f1d6bde4827f12c72c155e955ced83360bbe11b16a64,5f34fd004f92694589955f9cc6d5fe764c3c48bd7e011a42e719c13595a0a7bd,TRUE,TRUE,43635,6624,articlemeta_fulltexts_html,http://www.scielo.br/j/bpsr/a/CKq4qwHzd77NtvGzW4cYVZb/?lang=en,2026-06-04T00:49:50Z,1130,0,,PASS,exclude_pilot_175,exclude_analysis_ledger_journals_and_articles,journal_year_pid_with_lua_nova_last
S2236-57102024000100406,322,DESIGUALDADES DE GÊNERO E COR/RAÇA ENTRE OS DIRIGENTES MUNICIPAIS E ESTADUAIS NO BRASIL (2010 e 2019),GENDER AND RACE INEQUALITIES AMONG STATE AND LOCAL LEVEL BUREAUCRATS IN BRAZIL,José Teles,2024,2236-5710,Cadernos Gestão Pública e Cidadania,10.12660/CGPC.V29.89163,research-article,pt,data/processed/fulltext_corpus/article_texts_corpus.csv,TRUE,body_text,data/processed/credibility_prompt_v3_full_corpus/task_packets/322_S2236-57102024000100406.md,af646d71108269058281971958e9f592b45fd25103957fe36e6f58146358d58d,49bc8245c7f9d384d8a3e9711aede901a242d461b00cd8415c4787622c201e79,TRUE,TRUE,39714,6034,articlemeta_fulltexts_html,http://www.scielo.br/j/cgpc/a/Yk8z6hNFVTqdV4qn6wZKYTQ/?lang=pt,2026-06-04T00:51:07Z,893,0,,PASS,exclude_pilot_175,exclude_analysis_ledger_journals_and_articles,journal_year_pid_with_lua_nova_last
S1981-38212014000200094,82,A Comparative Analysis of Brazil's Foreign Policy Drivers Towards the USA: Comment on Amorim Neto (2011),A Comparative Analysis of Brazil's Foreign Policy Drivers Towards the USA: Comment on Amorim Neto (2011),Fernando Mourón; Francisco Urdinez,2014,1981-3821,Brazilian Political Science Review,10.1590/1981-38212014000100013,research-article,en,data/processed/fulltext_corpus/article_texts_corpus.csv,TRUE,body_text,data/processed/credibility_prompt_v3_full_corpus/task_packets/82_S1981-38212014000200094.md,a1ccf09f5657c6843ba332b36f382dbd3708f37e8f9d15750673db2332c6b3bf,634b33a175217fb1bd90e7048f6bdb9a86fb84c9434353d199371015e2f077cf,TRUE,TRUE,32325,5272,articlemeta_fulltexts_html,http://www.scielo.br/j/bpsr/a/mgZvKzcWtXgcNc9gSjq683K/?lang=en,2026-06-04T00:49:15Z,1045,0,,PASS,exclude_pilot_175,exclude_analysis_ledger_journals_and_articles,journal_year_pid_with_lua_nova_last
S1981-38212017000200205,130,"Accountability, Corruption and Local Government: Mapping the Control Steps","Accountability, Corruption and Local Government: Mapping the Control Steps",Ana Luiza Melo Aranha,2017,1981-3821,Brazilian Political Science Review,10.1590/1981-3821201700020004,research-article,en,data/processed/fulltext_corpus/article_texts_corpus.csv,TRUE,body_text,data/processed/credibility_prompt_v3_full_corpus/task_packets/130_S1981-38212017000200205.md,c705779e22de092fc42f23f5d37288be2b0611b1eb295e9576a27a659afcfcb2,44617865beefd0e5d95f8463243e65536b71fea5a0273b948ab82086e4ac0c44,TRUE,TRUE,52383,8067,articlemeta_fulltexts_html,http://www.scielo.br/j/bpsr/a/Jrxn577StsCVYdPQhvffR6h/?lang=en,2026-06-04T00:49:37Z,1538,0,,PASS,exclude_pilot_175,exclude_analysis_ledger_journals_and_articles,journal_year_pid_with_lua_nova_last
S1981-38212019000100204,158,"Capital Mobility, Veto Players, and Redistribution in Latin America During the Left Turn","Capital Mobility, Veto Players, and Redistribution in Latin America During the Left Turn",Fabiano Santos; Acir Almeida; Thiago Moreira da Silva,2019,1981-3821,Brazilian Political Science Review,10.1590/1981-3821201900010005,research-article,en,data/processed/fulltext_corpus/article_texts_corpus.csv,TRUE,body_text,data/processed/credibility_prompt_v3_full_corpus/task_packets/158_S1981-38212019000100204.md,9302f7a51d9f1dc55f068a0660fec065c635ff821d88bd49d39af1cd2b1f8cb3,3ea7904f9c574ebaabe2b2a5e203f7eb624db0e108fdce71263ed9fd6dbb4cf6,TRUE,TRUE,57920,8834,articlemeta_fulltexts_html,http://www.scielo.br/j/bpsr/a/FmvrZcZtWHffJHmmfMBRypc/?lang=en,2026-06-04T00:49:48Z,1080,0,,PASS,exclude_pilot_175,exclude_analysis_ledger_journals_and_articles,journal_year_pid_with_lua_nova_last
S2236-57102025000101004,353,"TRANSPARÊNCIA ATIVA, DADOS ABERTOS E DESEMPENHO ACADÊMICO: ANÁLISE DAS UNIVERSIDADES FEDERAIS BRASILEIRAS","TRANSPARÊNCIA ATIVA, DADOS ABERTOS E DESEMPENHO ACADÊMICO: ANÁLISE DAS UNIVERSIDADES FEDERAIS BRASILEIRAS",Doraliza Auxiliadora Abranches Monteiro; Marco Antônio Carvalho Teixeira,2025,2236-5710,Cadernos Gestão Pública e Cidadania,10.12660/CGPC.V30.90831,research-article,pt,data/processed/fulltext_corpus/article_texts_corpus.csv,TRUE,body_text,data/processed/credibility_prompt_v3_full_corpus/task_packets/353_S2236-57102025000101004.md,764b1d3d1c03b5c6cf6e985d9a113f1784f2d2e19b0e8927af8f63c737e4008e,c09a95a45c964d95feb0b6abfbfd38a5c5ccc647e9d36b667fa2f5dd60c53f92,TRUE,TRUE,34905,5212,articlemeta_fulltexts_html,http://www.scielo.br/j/cgpc/a/sS5D3bKfcx94bYfcXpGjh3h/?lang=pt,2026-06-04T00:51:22Z,1069,0,,PASS,exclude_pilot_175,exclude_analysis_ledger_journals_and_articles,journal_year_pid_with_lua_nova_last
S1981-38212021000200202,190,"Left-Wing Governmental Alliance in Portugal, 2015-2019: A Way of Renewing and Rejuvenating Social Democracy?","Left-Wing Governmental Alliance in Portugal, 2015-2019: A Way of Renewing and Rejuvenating Social Democracy?",André Freire,2021,1981-3821,Brazilian Political Science Review,10.1590/1981-3821202100020004,research-article,en,data/processed/fulltext_corpus/article_texts_corpus.csv,TRUE,body_text,data/processed/credibility_prompt_v3_full_corpus/task_packets/190_S1981-38212021000200202.md,78a7d140228a31728dfc6287dc75725562cd0bd33f35e3885976fe0864123ed2,e79e01d26b9428f554782c56212b70d563cbe312ac18e52ff303ee69e26d65e3,TRUE,TRUE,54159,8733,articlemeta_fulltexts_html,http://www.scielo.br/j/bpsr/a/YX6T7rmFhm5FMjfmMgxr3qS/?lang=en,2026-06-04T00:50:05Z,1270,0,,PASS,exclude_pilot_175,exclude_analysis_ledger_journals_and_articles,journal_year_pid_with_lua_nova_last
S1981-38212020000300202,182,Political Science in Latin America: A Scientometric Analysis,Political Science in Latin America: A Scientometric Analysis,Adriano Codato; Rafael Madeira; Maiane Bittencourt,2020,1981-3821,Brazilian Political Science Review,10.1590/1981-3821202000030005,research-article,en,data/processed/fulltext_corpus/article_texts_corpus.csv,TRUE,body_text,data/processed/credibility_prompt_v3_full_corpus/task_packets/182_S1981-38212020000300202.md,bde9593f4a39fcb0fa02bb50d8a2386f08dcb589ef77d377ef7f701e71f69adf,794c71affa089d5e323c29be3214681f993b8b01acc3a297913cc9e8e0496302,TRUE,TRUE,41094,6317,articlemeta_fulltexts_html,http://www.scielo.br/j/bpsr/a/QXshntQdFfDF5G3kTsBk3Bk/?lang=en,2026-06-04T00:50:01Z,1193,0,,PASS,exclude_pilot_175,exclude_analysis_ledger_journals_and_articles,journal_year_pid_with_lua_nova_last
S1981-38212017000200201,126,Leaders or Loners? How Do the BRICS Countries and their Regions Vote in the UN General Assembly,Leaders or Loners? How Do the BRICS Countries and their Regions Vote in the UN General Assembly,Renan Holanda Montenegro; Rafael Mesquita,2017,1981-3821,Brazilian Political Science Review,10.1590/1981-3821201700020005,research-article,en,data/processed/fulltext_corpus/article_texts_corpus.csv,TRUE,body_text,data/processed/credibility_prompt_v3_full_corpus/task_packets/126_S1981-38212017000200201.md,ef10ec832f0763d09bd604cfb814a7f4955052147ba42fa482b69bc168b30726,473063c07a59415a0a2e0b8abe30394b6a8d7ba34ceb48568a215f06d131760d,TRUE,TRUE,51205,8173,articlemeta_fulltexts_html,http://www.scielo.br/j/bpsr/a/h7j48bLb6gY9bLn8Q7ndBTm/?lang=en,2026-06-04T00:49:34Z,1157,0,,PASS,exclude_pilot_175,exclude_analysis_ledger_journals_and_articles,journal_year_pid_with_lua_nova_last
S2236-57102024000100405,321,TRANSPARÊNCIA SOBRE DIRIGENTES PÚBLICOS ESTADUAIS: UMA ANÁLISE EXPLORATÓRIA,Transparency of state public leaders: An exploratory analysis,Matheus Nunes de Freitas; Sérgio Rodrigo Marchiori Praça,2024,2236-5710,Cadernos Gestão Pública e Cidadania,10.12660/CGPC.V29.89150,research-article,pt,data/processed/fulltext_corpus/article_texts_corpus.csv,TRUE,body_text,data/processed/credibility_prompt_v3_full_corpus/task_packets/321_S2236-57102024000100405.md,2c63bc6547005436fc4b9297d25fb3b70e775d64fb8d8e751c3af25d336ef7c7,25014fb2ebf5d7d98be092932aeac9a9b510177044c1c62df8a1b6774ec0ca3b,TRUE,TRUE,29459,4279,articlemeta_fulltexts_html,http://www.scielo.br/j/cgpc/a/jTwkLK3tYYWMkfct8sx34ky/?lang=pt,2026-06-04T00:51:07Z,1056,0,,PASS,exclude_pilot_175,exclude_analysis_ledger_journals_and_articles,journal_year_pid_with_lua_nova_last
S1981-38212012000200002,54,"The Bigger, the Better: Coalitions in the GATT/WTO","The Bigger, the Better: Coalitions in the GATT/WTO",Gabriel Cepaluni; Manoel Galdino; Amâncio Jorge de Oliveira,2012,1981-3821,Brazilian Political Science Review,,research-article,en,data/processed/fulltext_corpus/article_texts_corpus.csv,TRUE,body_text,data/processed/credibility_prompt_v3_full_corpus/task_packets/54_S1981-38212012000200002.md,37a763664690719d99598a7ba4c71d9f8715178b05e47761b2fab43baee466f3,cd8617b1a58b1a3d4427a8d298fe019096c940ff08834c0516b03327afe12cd7,TRUE,TRUE,56239,8837,pdf_text_extraction,https://www.scielo.br/j/bpsr/a/B9VQpYkNtm9brpCp75ZcH5g/?lang=en&format=pdf,2026-06-04T00:48:22Z,882,0,,PASS,exclude_pilot_175,exclude_analysis_ledger_journals_and_articles,journal_year_pid_with_lua_nova_last
S1981-38212023000200202,224,"Pierre Rosanvallon, from the Critique of Utopian Liberalism to the Critique of the Critique of Neoliberalism","Pierre Rosanvallon, from the Critique of Utopian Liberalism to the Critique of the Critique of Neoliberalism",Felipe Freller,2023,1981-3821,Brazilian Political Science Review,10.1590/1981-3821202300020002,research-article,en,data/processed/fulltext_corpus/article_texts_corpus.csv,TRUE,body_text,data/processed/credibility_prompt_v3_full_corpus/task_packets/224_S1981-38212023000200202.md,9154d5b6ea6a6c611e1aed51e11f4c10c9debf427d070a4ec1acd80884b50f59,16e2dd3647358ba3a3f70930cb14e928448cad77d45b86e91110d2654a07e60d,TRUE,TRUE,50418,7818,articlemeta_fulltexts_html,http://www.scielo.br/j/bpsr/a/hhC4fJW7ytQZ9nKtkPHBrDS/?lang=en,2026-06-04T00:50:21Z,1432,0,,PASS,exclude_pilot_175,exclude_analysis_ledger_journals_and_articles,journal_year_pid_with_lua_nova_last
S1981-38212022000100204,203,Policy Dynamics and Government Attention over Welfare Policies: An Analysis of the Brazilian Case,Policy Dynamics and Government Attention over Welfare Policies: An Analysis of the Brazilian Case,Felipe Gonçalves Brasil; Renata Bichir,2022,1981-3821,Brazilian Political Science Review,10.1590/1981-3821202200010006,research-article,en,data/processed/fulltext_corpus/article_texts_corpus.csv,TRUE,body_text,data/processed/credibility_prompt_v3_full_corpus/task_packets/203_S1981-38212022000100204.md,f334f86c15a712d309208a3e39d653d8b92329e2caf1de491fc815c84f2b45d5,24dc27cfd19b1f8841a617b7460c47d2c01a289fa88c786130fa6ca50295eff1,TRUE,TRUE,69431,10460,articlemeta_fulltexts_html,http://www.scielo.br/j/bpsr/a/TKXLBs85yQjpVnBvR3y8KHc/?lang=en,2026-06-04T00:50:09Z,1234,0,,PASS,exclude_pilot_175,exclude_analysis_ledger_journals_and_articles,journal_year_pid_with_lua_nova_last
S2236-57102025000100207,338,CUSTOS NO SETOR PÚBLICO: O CUSTO DO ABSENTEÍSMO NAS UNIDADES BÁSICAS DE SAÚDE,Costs in the public sector: The cost of absenteeism in basic health units,Angélica de Oliveira Pacheco; Ângela Rozane Leal De Souza,2025,2236-5710,Cadernos Gestão Pública e Cidadania,10.12660/CGPC.V30.92013,research-article,pt,data/processed/fulltext_corpus/article_texts_corpus.csv,TRUE,body_text,data/processed/credibility_prompt_v3_full_corpus/task_packets/338_S2236-57102025000100207.md,33fa35c60a9af2c5bc58e1530a265865d8c70af51355d5b28f42896fdd8fdecb,d170e505e89943028802e22e74fc19628eea1e85b0c3a7fc875eef35937de642,TRUE,TRUE,31303,5031,articlemeta_fulltexts_html,http://www.scielo.br/j/cgpc/a/kr35NjYMtMkfnHS3SGShG3G/?lang=pt,2026-06-04T00:51:15Z,1195,0,,PASS,exclude_pilot_175,exclude_analysis_ledger_journals_and_articles,journal_year_pid_with_lua_nova_last
S1981-38212014000300098,86,Beyond Brazilian Coalition Presidentialism: the Appropriation of the Legislative Agenda,Beyond Brazilian Coalition Presidentialism: the Appropriation of the Legislative Agenda,Rafael Silveira e Silva,2014,1981-3821,Brazilian Political Science Review,10.1590/1981-38212014000100022,research-article,en,data/processed/fulltext_corpus/article_texts_corpus.csv,TRUE,body_text,data/processed/credibility_prompt_v3_full_corpus/task_packets/86_S1981-38212014000300098.md,62182891887f226c038e30d2bac546c7a83c95fd8404a029246a11e0089a90aa,d974cbc60ced47e2963dd5d8b9777167a8a46fd767af59f73e4ea45f36fcc6da,TRUE,TRUE,61022,9294,articlemeta_fulltexts_html,http://www.scielo.br/j/bpsr/a/39yFhxhWxzw8r74Q8TK3PxD/?lang=en,2026-06-04T00:49:17Z,925,0,,PASS,exclude_pilot_175,exclude_analysis_ledger_journals_and_articles,journal_year_pid_with_lua_nova_last
S2236-57102025000100204,335,ADMINISTRAÇÃO PÚBLICA 4.0 E OS CONCURSOS PARA CARREIRAS DA ÁREA ECONÔMICA DO PODER EXECUTIVO FEDERAL,PUBLIC ADMINISTRATION 4.0 AND COMPETITIVE HIRING PROCESSES FOR CAREERS IN THE ECONOMIC AREA OF THE FEDERAL EXECUTIVE BRANCH,Leopoldo Mateus da Silva Ribeiro,2025,1806-2261,Cadernos Gestão Pública e Cidadania,10.12660/CGPC.V30.92401,research-article,pt,data/processed/fulltext_corpus/article_texts_corpus.csv,TRUE,body_text,data/processed/credibility_prompt_v3_full_corpus/task_packets/335_S2236-57102025000100204.md,65b962ff7c8f405cce5dcbc8f58b2f82d1fcc9b93a8c495c0798bcbd49147f0f,29119fc93203e5a5d47f556c00d6ff45334d9c1a8ae63656d888038ecbbd84de,TRUE,TRUE,43763,6337,articlemeta_fulltexts_html,http://www.scielo.br/j/cgpc/a/H6y7pLpxQ8RTpqcvrh9SRRk/?lang=pt,2026-06-04T00:51:13Z,1043,0,,PASS,exclude_pilot_175,exclude_analysis_ledger_journals_and_articles,journal_year_pid_with_lua_nova_last
S1981-38212022000300201,212,The Relationship between Ideology and COVID-19 Deaths: What We Know and What We Still Need to Know,The Relationship between Ideology and COVID-19 Deaths: What We Know and What We Still Need to Know,Lorena Barberia; Natália de Paula Moreira; Rebeca de Jesus Carvalho; Maria Leticia Claro Oliveira; Isabel Seelaender Costa Rosa; Marcela Zamudio,2022,1981-3821,Brazilian Political Science Review,10.1590/1981-3821202200030001,research-article,en,data/processed/fulltext_corpus/article_texts_corpus.csv,TRUE,body_text,data/processed/credibility_prompt_v3_full_corpus/task_packets/212_S1981-38212022000300201.md,10221c37b0ad788bdf601dbce0a4e6c6bbc44abd0760b5c74af5452b6da01bf0,dce2c3e32becc57f0039b2a5249a2bd408c83fd203e6682097f95f59ccfb8634,TRUE,TRUE,43021,6749,articlemeta_fulltexts_html,http://www.scielo.br/j/bpsr/a/LZrBWxfkNRFYDGBhD8Mxp3C/?lang=en,2026-06-04T00:50:13Z,697,0,,PASS,exclude_pilot_175,exclude_analysis_ledger_journals_and_articles,journal_year_pid_with_lua_nova_last
S1981-38212023000300201,229,"PLANB Index : Sociological Categories for Climate Policymakers ,","PLANB Index : Sociological Categories for Climate Policymakers ,",Frederico Salmi,2023,1981-3821,Brazilian Political Science Review,10.1590/1981-3821202300030001,research-article,en,data/processed/fulltext_corpus/article_texts_corpus.csv,TRUE,body_text,data/processed/credibility_prompt_v3_full_corpus/task_packets/229_S1981-38212023000300201.md,902ac58818c740cede9ed28ed5f1341f33419139946bc39f939b2fce8116b6a6,8eea4527bfd6b78e9f3c84ef66cd6cfe5447caa61d69abde1847c29d675a6b8c,TRUE,TRUE,47725,6994,articlemeta_fulltexts_html,http://www.scielo.br/j/bpsr/a/djchf3XDghyrWgGDrCnjqRP/?lang=en,2026-06-04T00:50:23Z,1523,0,,PASS,exclude_pilot_175,exclude_analysis_ledger_journals_and_articles,journal_year_pid_with_lua_nova_last
S2236-57102025000100800,345,"BOA GOVERNANÇA, MODELOS DE GESTÃO E INGRESSO NO SERVIÇO PÚBLICO BRASILEIRO: ENTRE DISCURSOS E PRÁTICAS","Good governance, management models and recruitment into the Brazilian public service: Between discourses and practices",Carolina Schincariol Scacchetti,2025,1806-2261,Cadernos Gestão Pública e Cidadania,10.12660/CGPC.V30.91612,research-article,pt,data/processed/fulltext_corpus/article_texts_corpus.csv,TRUE,body_text,data/processed/credibility_prompt_v3_full_corpus/task_packets/345_S2236-57102025000100800.md,64d041052043154d6f2f0c38542c4c7aaf205e27a33f3506dd62c8eeb00b09ef,dcf681695343efe1c3f6e526c9906705bbfd582c4d5689ff64fec7a03521126a,TRUE,TRUE,26612,4071,articlemeta_fulltexts_html,http://www.scielo.br/j/cgpc/a/SJGvffX6ZtJmyRkX9MZgJQw/?lang=pt,2026-06-04T00:51:18Z,965,0,,PASS,exclude_pilot_175,exclude_analysis_ledger_journals_and_articles,journal_year_pid_with_lua_nova_last
S2236-57102023000100408,297,A TRAJETÓRIA INSTITUCIONAL DO PROGRAMA NACIONAL DE FORMAÇÃO EM ADMINISTRAÇÃO PÚBLICA NA UNIVERSIDADE FEDERAL DE OURO PRETO,The institutional trajectory of The National Training Program in Public Administration at The Federal University of Ouro Preto,Breynner Ricardo de Oliveira; Maria Tereza da Silva Pena; Gustavo Adolf Fichter,2023,1806-2261,Cadernos Gestão Pública e Cidadania,10.12660/CGPC.V28.88040,research-article,pt,data/processed/fulltext_corpus/article_texts_corpus.csv,TRUE,body_text,data/processed/credibility_prompt_v3_full_corpus/task_packets/297_S2236-57102023000100408.md,d3230fbf0376e485c2ff066dc0daa7b15c080038de4f76050eacb4679b6cec8d,7283af742afd12e36f1dfa55168ad8f3aeda86ff29505f12d5358f91358f56b3,TRUE,TRUE,40325,6389,articlemeta_fulltexts_html,http://www.scielo.br/j/cgpc/a/DVVHNcVJxLWrMCgZRZvHLrM/?lang=pt,2026-06-04T00:50:55Z,1583,0,,PASS,exclude_pilot_175,exclude_analysis_ledger_journals_and_articles,journal_year_pid_with_lua_nova_last
S2236-57102025000101406,369,AVALIAÇÃO DA APLICABILIDADE DA POLÍTICA NACIONAL DE RESÍDUOS SÓLIDOS EM PORTO VELHO,Assessment of the applicability of the national solid waste policy in Porto Velho,Tauana Cristina Santana; Washington da Silva Batista; Diego Henrique de Almeida,2025,1806-2261,Cadernos Gestão Pública e Cidadania,10.12660/CGPC.V30.91626,research-article,pt,data/processed/fulltext_corpus/article_texts_corpus.csv,TRUE,body_text,data/processed/credibility_prompt_v3_full_corpus/task_packets/369_S2236-57102025000101406.md,9b211d67876ccd49b0755b691e2fa47ee56d4d06b4b5585c68ba7bc94f25285d,2408de752a027a4d0ca5ef4f9f20dcfaac17707f08699c19db5f3bcd7cfa741b,TRUE,TRUE,42078,6592,articlemeta_fulltexts_html,http://www.scielo.br/j/cgpc/a/mZTspgQhnqFHWg3TGnbHptC/?lang=pt,2026-06-04T00:51:30Z,972,0,,PASS,exclude_pilot_175,exclude_analysis_ledger_journals_and_articles,journal_year_pid_with_lua_nova_last
S2236-57102025000101701,384,PANORAMA DOS ESTUDOS SOBRE A RESILIÊNCIA FINANCEIRA APLICADA À GESTÃO DE RECURSOS PÚBLICOS NOS GOVERNOS LOCAIS,Overview of studies on financial resilience applied to public resource management in local governments,Mariana Barros Teixeira; Nálbia de Araújo Santos; Liliana Marques Pimentel,2025,1806-2261,Cadernos Gestão Pública e Cidadania,10.12660/CGPC.V30.92843,research-article,pt,data/processed/fulltext_corpus/article_texts_corpus.csv,TRUE,body_text,data/processed/credibility_prompt_v3_full_corpus/task_packets/384_S2236-57102025000101701.md,0dd4c43c581dfd2da7a8261d0ddb7e60762da7ebc168292e014ac41fa582685f,70245eeea21354e24a2889a30f48108581f8c964b5a145a9f9861bb8cf935f46,TRUE,TRUE,41357,5907,articlemeta_fulltexts_html,http://www.scielo.br/j/cgpc/a/q6mVCZN7g6hw7TnyycBbrGp/?lang=pt,2026-06-04T00:51:37Z,1058,0,,PASS,exclude_pilot_175,exclude_analysis_ledger_journals_and_articles,journal_year_pid_with_lua_nova_last
S1981-38212017000100203,123,Germany and Greece in the Eurozone Crisis from the Viewpoint of the Neo-Neo Debate,Germany and Greece in the Eurozone Crisis from the Viewpoint of the Neo-Neo Debate,André Hedlund; Aline Regina Alves Martins,2017,1981-3821,Brazilian Political Science Review,10.1590/1981-3821201700010004,research-article,en,data/processed/fulltext_corpus/article_texts_corpus.csv,TRUE,body_text,data/processed/credibility_prompt_v3_full_corpus/task_packets/123_S1981-38212017000100203.md,4ea0571a545b506489f614397f07ab1a3a847fe70149f49e86bb4240241af9b9,e478650e17e5e4e0c7fac5742d4cf0035bd757039e84b0f4e1a0f3cb8689ada4,TRUE,TRUE,55076,8625,articlemeta_fulltexts_html,http://www.scielo.br/j/bpsr/a/WsBbymFLJgqQdPnyfGwGwtk/?lang=en,2026-06-04T00:49:32Z,1081,0,,PASS,exclude_pilot_175,exclude_analysis_ledger_journals_and_articles,journal_year_pid_with_lua_nova_last
S1981-38212020000300201,181,"Individual Conditioning Factors of Political Protest in Latin America: Effects of Values, Grievance and Resources","Individual Conditioning Factors of Political Protest in Latin America: Effects of Values, Grievance and Resources",Lucas Toshiaki Archangelo Okado; Ednaldo Aparecido Ribeiro,2020,1981-3821,Brazilian Political Science Review,10.1590/1981-3821202000030002,research-article,en,data/processed/fulltext_corpus/article_texts_corpus.csv,TRUE,body_text,data/processed/credibility_prompt_v3_full_corpus/task_packets/181_S1981-38212020000300201.md,c512634742787703b10e4698e789cb154a01b5031e7aa44502c70c41842ad17e,4c5046e5e7df6f45c80ffc688f1e0b3826f0ec248956a635effcc213e4e51c92,TRUE,TRUE,47153,7137,articlemeta_fulltexts_html,http://www.scielo.br/j/bpsr/a/mfjPqQnNvyrCXv77p5PFLvP/?lang=en,2026-06-04T00:50:00Z,1586,0,,PASS,exclude_pilot_175,exclude_analysis_ledger_journals_and_articles,journal_year_pid_with_lua_nova_last
S1981-38212011000100054,39,Brazilian Parties According to their Manifestos: Political Identity and Programmatic Emphases,Brazilian Parties According to their Manifestos: Political Identity and Programmatic Emphases,Gabriela da Silva Tarouco,2011,1981-3821,Brazilian Political Science Review,10.1590/1981-3881201100010003,research-article,en,data/processed/fulltext_corpus/article_texts_corpus.csv,TRUE,body_text,data/processed/credibility_prompt_v3_full_corpus/task_packets/39_S1981-38212011000100054.md,db7fd2d49aa121fc10c00c23383cc46237ca88300991baaf318776623c358e7d,dd56ec2341d68f94ccd92ba509b65039f6e27e441a166d8c0fdfabb074c4b38f,TRUE,TRUE,37906,5976,articlemeta_fulltexts_html,http://www.scielo.br/j/bpsr/a/J9qQTyF3kDBQfB7BNxB8Cpc/?lang=en,2026-06-04T00:48:15Z,1024,0,,PASS,exclude_pilot_175,exclude_analysis_ledger_journals_and_articles,journal_year_pid_with_lua_nova_last
S2236-57102025000101607,379,"¿LA PROTESTA, SIN LA CALLE? LOS FORMATOS DE PROTESTA Y LA RELACIÓN CON LAS RESTRICCIONES A LA CIRCULACIÓN EN ARGENTINA (2020)","¿LA PROTESTA, SIN LA CALLE? LOS FORMATOS DE PROTESTA Y LA RELACIÓN CON LAS RESTRICCIONES A LA CIRCULACIÓN EN ARGENTINA (2020)",Ernesto Pablo Mate; Lucio Fernández Mouján,2025,2236-5710,Cadernos Gestão Pública e Cidadania,10.12660/CGPC.V30.92183,research-article,es,data/processed/fulltext_corpus/article_texts_corpus.csv,TRUE,body_text,data/processed/credibility_prompt_v3_full_corpus/task_packets/379_S2236-57102025000101607.md,9a0170309af28f8fde2008901ad741e84925b32828d0e5c17e322a86c77a1f5a,4a16bcd8d4db727be7373c291c8f22c6a19fbe294f6f38e0d34e34ea27a4b2e0,TRUE,TRUE,39125,6247,articlemeta_fulltexts_html,http://www.scielo.br/j/cgpc/a/tFNrM7FRSvk98CfrwhnLwTp/?lang=es,2026-06-04T00:51:34Z,1002,0,,PASS,exclude_pilot_175,exclude_analysis_ledger_journals_and_articles,journal_year_pid_with_lua_nova_last
S2236-57102023000100209,278,Percepções de gestores sobre parcerias entre negócios sociais e setor público no Brasil,MANAGERS&#8217; PERCEPTIONS OF PARTNERSHIPS BETWEEN SOCIAL ENTERPRISES AND THE PUBLIC SECTOR IN BRAZIL,Ana Luiza Terra Costa Mathias; Rosa Maria Fischer,2023,2236-5710,Cadernos Gestão Pública e Cidadania,10.12660/CGPC.V28.85884,research-article,en,data/processed/fulltext_corpus/article_texts_corpus.csv,TRUE,body_text,data/processed/credibility_prompt_v3_full_corpus/task_packets/278_S2236-57102023000100209.md,35d0b3cddd8b7d24e7799e17075a65f1ab1cd32f26aae62a470d0c64e138bb4b,99cb40cd89b05914076089e041c341206c8ddcb0ea487271e6bf2c8780f5ad93,TRUE,TRUE,37480,5593,articlemeta_fulltexts_html,http://www.scielo.br/j/cgpc/a/8drKCHNDkQHzmqj78xwyPPw/?lang=en,2026-06-04T00:50:46Z,1206,0,,PASS,exclude_pilot_175,exclude_analysis_ledger_journals_and_articles,journal_year_pid_with_lua_nova_last
S1981-38212017000100204,124,"Business, Government and Foreign Policy: Brazilian Construction Firms Abroad","Business, Government and Foreign Policy: Brazilian Construction Firms Abroad",Bernardo Frossard Silva Rego; Ariane Cristine Roder Figueira,2017,1981-3821,Brazilian Political Science Review,10.1590/1981-3821201700010005,research-article,en,data/processed/fulltext_corpus/article_texts_corpus.csv,TRUE,body_text,data/processed/credibility_prompt_v3_full_corpus/task_packets/124_S1981-38212017000100204.md,300fd665dcb2b4b8a164160f092609306fa1dcd52c0473530dcca87407d6a968,4316b8ee770d013a2cf571a8832cde652c945aca9b18aad51d583f16c5b622f6,TRUE,TRUE,51472,7657,articlemeta_fulltexts_html,http://www.scielo.br/j/bpsr/a/7LDXV7XNTDdHwDypFcDnjSv/?lang=en,2026-06-04T00:49:33Z,1225,0,,PASS,exclude_pilot_175,exclude_analysis_ledger_journals_and_articles,journal_year_pid_with_lua_nova_last
S1981-38212024000100201,235,Political Support for Sale: Cabinet Appointments and Public Expenditures in Brazil,Political Support for Sale: Cabinet Appointments and Public Expenditures in Brazil,Arnaldo Mauerberg Jr.; Renato Lima de Oliveira; Julia Guerreiro,2024,1981-3821,Brazilian Political Science Review,10.1590/1981-3821202400010001,research-article,en,data/processed/fulltext_corpus/article_texts_corpus.csv,TRUE,body_text,data/processed/credibility_prompt_v3_full_corpus/task_packets/235_S1981-38212024000100201.md,159bbec15eb243e29a22be4874db596c17d86ac4d3bcad11f17f3f3d5e70eedf,079fd514c416eac5d546d6069068378c662a78c7af8fbcbc5cf710c7ddc07413,TRUE,TRUE,48612,7616,articlemeta_fulltexts_html,http://www.scielo.br/j/bpsr/a/WgB7sjsVBrzrNXZvv9KDjpr/?lang=en,2026-06-04T00:50:27Z,1393,0,,PASS,exclude_pilot_175,exclude_analysis_ledger_journals_and_articles,journal_year_pid_with_lua_nova_last
S2236-57102023000100404,293,O ENSINO DE ADMINISTRAÇÃO PÚBLICA: ELEMENTOS PRELIMINARES DE UMA HISTÓRIA INTELECTUAL INTERDISCIPLINAR,Teaching public administration: Preliminary elements of an interdisciplinary intellectual history,Bruno Dias Magalhães,2023,2236-5710,Cadernos Gestão Pública e Cidadania,10.12660/CGPC.V28.87961,research-article,pt,data/processed/fulltext_corpus/article_texts_corpus.csv,TRUE,body_text,data/processed/credibility_prompt_v3_full_corpus/task_packets/293_S2236-57102023000100404.md,421e201fb49e23b27088987bf71641830c9474e5929f8ca655bec56e7c6e3cbb,ed7a035cbb509bfabada6f767025e3ad84561d19ce7274b00aa56db0390a70a9,TRUE,TRUE,40712,6098,articlemeta_fulltexts_html,http://www.scielo.br/j/cgpc/a/DNRCJCMC3Xx3mZ6Z3wHVTdx/?lang=pt,2026-06-04T00:50:54Z,1619,0,,PASS,exclude_pilot_175,exclude_analysis_ledger_journals_and_articles,journal_year_pid_with_lua_nova_last
S1981-38212020000200202,178,"Is Brazil a Geoeconomic Node? Geography, Public Policy, and the Failure of Economic Integration in South America","Is Brazil a Geoeconomic Node? Geography, Public Policy, and the Failure of Economic Integration in South America",Sören Scholvin; Andrés Malamud,2020,1981-3821,Brazilian Political Science Review,10.1590/1981-3821202000020004,research-article,en,data/processed/fulltext_corpus/article_texts_corpus.csv,TRUE,body_text,data/processed/credibility_prompt_v3_full_corpus/task_packets/178_S1981-38212020000200202.md,8e483556104795b9a6368a178960204f6dc21f91617d45b3a8f97dc2bc7bc1fa,e957727aa95c3aedc66f6dadbf0426218b286ed72b878d57266f1aba69c2e888,TRUE,TRUE,54698,8517,articlemeta_fulltexts_html,http://www.scielo.br/j/bpsr/a/d9867zbDWrSwPqGd5qXzv4k/?lang=en,2026-06-04T00:49:57Z,1532,0,,PASS,exclude_pilot_175,exclude_analysis_ledger_journals_and_articles,journal_year_pid_with_lua_nova_last
S1981-38212009000200030,24,"Strong Presidents, Robust Democracies? Separation of Powers and Rule of Law in Latin America","Strong Presidents, Robust Democracies? Separation of Powers and Rule of Law in Latin America",Marcus André Melo,2009,1981-3821,Brazilian Political Science Review,10.1590/1981-3858200900020002,research-article,en,data/processed/fulltext_corpus/article_texts_corpus.csv,TRUE,body_text,data/processed/credibility_prompt_v3_full_corpus/task_packets/24_S1981-38212009000200030.md,7a3bcd684a3ead55c82818a333723847ac248506213acd1e0d73c139bb758388,10b7555812aca8acafa890f46ded295ed701bb652fba69229f6972abdb8445ac,TRUE,TRUE,57067,8507,articlemeta_fulltexts_html,http://www.scielo.br/j/bpsr/a/ykvhxrcQHQhB6PThgx4rn5Q/?lang=en,2026-06-04T00:48:06Z,1080,0,,PASS,exclude_pilot_175,exclude_analysis_ledger_journals_and_articles,journal_year_pid_with_lua_nova_last
S2236-57102023000100206,275,Mapeando a pesquisa de desenho de políticas públicas: uma revisão sistemática da literatura,MAPPING THE POLICY DESIGN RESEARCH: A SYSTEMATIC LITERATURE REVIEW,Rafael Barbosa de Aguiar; Fabiano Jorge Soares; Luciana Leite Lima,2023,2236-5710,Cadernos Gestão Pública e Cidadania,10.12660/CGPC.V28.85619,research-article,en,data/processed/fulltext_corpus/article_texts_corpus.csv,TRUE,body_text,data/processed/credibility_prompt_v3_full_corpus/task_packets/275_S2236-57102023000100206.md,e75be7f6351ce13ed1771f138e4273814e6699921d4d97398e11a393c5af18f6,ad3b890877975cf18f6b4f1f5ce2e869c740670e214035e8737bb580d6327a6f,TRUE,TRUE,38100,5468,articlemeta_fulltexts_html,http://www.scielo.br/j/cgpc/a/MDZBbWGbvGpLqzK9TrNwtTt/?lang=en,2026-06-04T00:50:45Z,1769,0,,PASS,exclude_pilot_175,exclude_analysis_ledger_journals_and_articles,journal_year_pid_with_lua_nova_last
S1981-38212018000200203,146,Freedom through form: Bolívar Lamounier and the Liberal Interpretation of Brazilian Political Thought*,Freedom through form: Bolívar Lamounier and the Liberal Interpretation of Brazilian Political Thought*,Christian Edward Cyril Lynch; Paulo Henrique Paschoeto Cassimiro,2018,1981-3821,Brazilian Political Science Review,10.1590/1981-3821201800020002,research-article,en,data/processed/fulltext_corpus/article_texts_corpus.csv,TRUE,body_text,data/processed/credibility_prompt_v3_full_corpus/task_packets/146_S1981-38212018000200203.md,d01170adffb3a36f57ac6ef88e95ca7258e0af7e1f706faff9d692f4cf261f06,4a2951096b6c829c646a89862e7dbc8e6c1543d487fe32c104ae76fa33cd96e9,TRUE,TRUE,62970,9372,articlemeta_fulltexts_html,http://www.scielo.br/j/bpsr/a/8zNS9xwTMyLF3qmR7rPdqGG/?lang=en,2026-06-04T00:49:43Z,730,0,,PASS,exclude_pilot_175,exclude_analysis_ledger_journals_and_articles,journal_year_pid_with_lua_nova_last
S2236-57102023000100410,299,TCC EM GESTÃO PÚBLICA: PROFISSIONALIZAÇÃO E INOVAÇÃO,TCC in public administration: Professionalization and innovation,Lys Maria Vinhaes Dantas; Doraliza Auxiliadora Abranches Monteiro,2023,2236-5710,Cadernos Gestão Pública e Cidadania,10.12660/CGPC.V28.88561,research-article,pt,data/processed/fulltext_corpus/article_texts_corpus.csv,TRUE,body_text,data/processed/credibility_prompt_v3_full_corpus/task_packets/299_S2236-57102023000100410.md,3dd892bc7ec3eb2586b3da69bfba9df6e41052f28aa97830f3f26e02bc0ea4db,db3c03889f6974213e4c7755acb6211c76a6104e2054ae3932c9f82541546632,TRUE,TRUE,42538,6509,articlemeta_fulltexts_html,http://www.scielo.br/j/cgpc/a/qkqXtmM9kqbcw4jVq9m6PXQ/?lang=pt,2026-06-04T00:50:57Z,941,0,,PASS,exclude_pilot_175,exclude_analysis_ledger_journals_and_articles,journal_year_pid_with_lua_nova_last
S1981-38212015000300042,96,The Capital Mistake: Local Information and National Electoral Reforms,The Capital Mistake: Local Information and National Electoral Reforms,Valentín Figueroa,2015,1981-3821,Brazilian Political Science Review,10.1590/1981-38212015000300019,research-article,en,data/processed/fulltext_corpus/article_texts_corpus.csv,TRUE,body_text,data/processed/credibility_prompt_v3_full_corpus/task_packets/96_S1981-38212015000300042.md,ced720c452d25f24a4632f21efe2fdb021fdabc386d7a6c58e56e045d2af6a6f,a72645a4a163788a1015e79a55ede2a1d63de95930757044194913f2f107675b,TRUE,TRUE,34185,5198,articlemeta_fulltexts_html,http://www.scielo.br/j/bpsr/a/yLCfkhqFCQ4gyVdvdtSFbkq/?lang=en,2026-06-04T00:49:22Z,803,0,,PASS,exclude_pilot_175,exclude_analysis_ledger_journals_and_articles,journal_year_pid_with_lua_nova_last
S1981-38212017000200401,132,What are 'Think Tanks'? Revisiting the Dilemma of the Definition,What are 'Think Tanks'? Revisiting the Dilemma of the Definition,Juliana Cristina Rosa Hauck,2017,1981-3821,Brazilian Political Science Review,10.1590/1981-3821201700020006,research-article,en,data/processed/fulltext_corpus/article_texts_corpus.csv,TRUE,body_text,data/processed/credibility_prompt_v3_full_corpus/task_packets/132_S1981-38212017000200401.md,5f7a660cd667a31fd3024729450288d6adaa93a756dc7f88c226af8c94295c43,45a066b568db7462108056bb1bcb053c1175f368a40110e8c62254f8f5743d1a,TRUE,TRUE,49575,7508,articlemeta_fulltexts_html,http://www.scielo.br/j/bpsr/a/RJzNN5NFd77vWbM3mXrXRmH/?lang=en,2026-06-04T00:49:37Z,1662,0,,PASS,exclude_pilot_175,exclude_analysis_ledger_journals_and_articles,journal_year_pid_with_lua_nova_last
S2236-57102023000100211,280,O Fantasma na Máquina: System-Level Bureaucracy e Coordenação Interorganizacional em Políticas Públicas,THE GHOST IN THE MACHINE: SYSTEM-LEVEL BUREAUCRACY AND INTERORGANIZATIONAL COORDINATION IN PUBLIC POLICY,André Luís de Castro,2023,1806-2261,Cadernos Gestão Pública e Cidadania,10.12660/CGPC.V28.86094,research-article,pt,data/processed/fulltext_corpus/article_texts_corpus.csv,TRUE,body_text,data/processed/credibility_prompt_v3_full_corpus/task_packets/280_S2236-57102023000100211.md,3a1266f3c333b821df488bfb98c7ebcc2ee1879c85ee8ccdbbc2e2827fae61a0,e8cc09f994a9ddb2050e4261617203f0d1faa65842b1374b2bba8e55a9ca74d9,TRUE,TRUE,41943,6336,articlemeta_fulltexts_html,http://www.scielo.br/j/cgpc/a/HY5HY8NnNH7DWNQCzZpygKp/?lang=pt,2026-06-04T00:50:47Z,1622,0,,PASS,exclude_pilot_175,exclude_analysis_ledger_journals_and_articles,journal_year_pid_with_lua_nova_last
S1981-38212019000300202,169,Parliamentary Supervision of Brazilian Foreign Policy: An analysis of Approval of Authorities,Parliamentary Supervision of Brazilian Foreign Policy: An analysis of Approval of Authorities,Alexandre Piffero Spohr,2019,1981-3821,Brazilian Political Science Review,10.1590/1981-3821201900030004,research-article,en,data/processed/fulltext_corpus/article_texts_corpus.csv,TRUE,body_text,data/processed/credibility_prompt_v3_full_corpus/task_packets/169_S1981-38212019000300202.md,8fed1e6253c4f487c1e016e642c5f2cdcf93512ff3f41f23ee6fee2289b96322,8d7b2b33dd9263eda349b031e8b4a5a86fba6bb93b1cafca60ceccf83c067a9e,TRUE,TRUE,42183,6485,articlemeta_fulltexts_html,http://www.scielo.br/j/bpsr/a/gSgbgqctDmJwLwVwYGC5xKH/?lang=en,2026-06-04T00:49:53Z,1323,0,,PASS,exclude_pilot_175,exclude_analysis_ledger_journals_and_articles,journal_year_pid_with_lua_nova_last
S1981-38212025000200203,259,Machiavelli against Imperialism: a Critique of Roman Expansionism and a Call for a Confederative Solution,Machiavelli against Imperialism: a Critique of Roman Expansionism and a Call for a Confederative Solution,Ricardo Silva,2025,1981-3821,Brazilian Political Science Review,10.1590/1981-3821202500020004,research-article,en,data/processed/fulltext_corpus/article_texts_corpus.csv,TRUE,body_text,data/processed/credibility_prompt_v3_full_corpus/task_packets/259_S1981-38212025000200203.md,c23dc4777d9feaaf4ff16c8a0cb8a9c8284332a15b22977b9ae7833d55390b08,1e9f4da7dc6b804b64283af9932a1edda8aecb4562be09790a523a5b96735d2c,TRUE,TRUE,59317,9169,articlemeta_fulltexts_html,http://www.scielo.br/j/bpsr/a/HqzX7F3VVBVgnQnJF7T3pKp/?lang=en,2026-06-04T00:50:38Z,1264,0,,PASS,exclude_pilot_175,exclude_analysis_ledger_journals_and_articles,journal_year_pid_with_lua_nova_last
S2236-57102023000100217,285,PARTES INTERESSADAS INTERNAS E DESEMPENHO EM CONTRATAÇÕES PÚBLICAS NA PERSPECTIVA DAS TEORIAS DOS STAKEHOLDERS E DOS CUSTOS DE TRANSAÇÃO,Internal stakeholders and public procurement performance in the perspective of stakeholders&#8217; and transaction costs theories,Bárbara Campos Rodrigues; Paulo Ricardo da Costa Reis,2023,2236-5710,Cadernos Gestão Pública e Cidadania,10.12660/CGPC.V28.88342,research-article,pt,data/processed/fulltext_corpus/article_texts_corpus.csv,TRUE,body_text,data/processed/credibility_prompt_v3_full_corpus/task_packets/285_S2236-57102023000100217.md,d6a14fe5917b17e8fa9a0566fafabef558a6d1d6a76c03ee7260f7c3b7ec063b,de02f51eac56a6577e7471d8898e6fda59d6764878f5fc23c0f978da11a8cfef,TRUE,TRUE,47338,6892,articlemeta_fulltexts_html,http://www.scielo.br/j/cgpc/a/3TpPBLzjZNC685kGvSXMFWp/?lang=pt,2026-06-04T00:50:50Z,1120,0,,PASS,exclude_pilot_175,exclude_analysis_ledger_journals_and_articles,journal_year_pid_with_lua_nova_last
S1981-38212015000100039,87,The Institutional Presidency from a Comparative Perspective: Argentina and Brazil since the 1980s,The Institutional Presidency from a Comparative Perspective: Argentina and Brazil since the 1980s,Magna Inácio; Mariana Llanos,2015,1981-3821,Brazilian Political Science Review,10.1590/1981-38212014000200002,research-article,en,data/processed/fulltext_corpus/article_texts_corpus.csv,TRUE,body_text,data/processed/credibility_prompt_v3_full_corpus/task_packets/87_S1981-38212015000100039.md,0c94fcf708d2fe726de189852d586d9fd6ca7e3f937706755720451e76c8182a,c1afe68e73890503179682b21cf49cd0fdb838c20b2829963fa1fcbd51d09902,TRUE,TRUE,42110,6385,articlemeta_fulltexts_html,http://www.scielo.br/j/bpsr/a/pDByfwhDKpnf5DGB78Hfdgh/?lang=en,2026-06-04T00:49:17Z,1459,0,,PASS,exclude_pilot_175,exclude_analysis_ledger_journals_and_articles,journal_year_pid_with_lua_nova_last
S1981-38212013000200004,64,"The judicialization of territorial politics in Brazil, Colombia and Spain","The judicialization of territorial politics in Brazil, Colombia and Spain",Helder Ferreira do Vale,2013,1981-3821,Brazilian Political Science Review,,research-article,en,data/processed/fulltext_corpus/article_texts_corpus.csv,TRUE,body_text,data/processed/credibility_prompt_v3_full_corpus/task_packets/64_S1981-38212013000200004.md,1c79cd20dc9951829d3485dd147645f5e2df287ac024d83c434d6e564173951e,bcb8b9bcbc67319a9eeb90028ffb31481d0b5b30b8964608206a50995b6e2ad1,TRUE,TRUE,58201,8679,pdf_text_extraction,https://www.scielo.br/j/bpsr/a/s8KYS5c5f8yWwFPPP6rVtjf/?lang=en&format=pdf,2026-06-04T00:48:42Z,956,0,,PASS,exclude_pilot_175,exclude_analysis_ledger_journals_and_articles,journal_year_pid_with_lua_nova_last
