eligible_order,pid,title,title_en,authors,year,issn,journal_title,doi,document_type,language,source_file,source_file_exists,source_column,task_packet_file,input_text_hash,input_hash,input_hash_matches_source,body_hash_matches_inventory,body_char_count,body_word_count,source_method,source_url,retrieved_at,abstract_char_count,reference_tail_ratio,validation_flags,fulltext_validation_status,pilot_exclusion_policy,scope_exclusion_policy,ordering_policy
3403,S0102-69092020000100508,AS METAMORFOSES IDEOLÓGICAS DO PENSAMENTO BRITÂNICO SETECENTISTA Do republicanismo de Bolingbroke ao liberalismo de Burke (1720-1770),THE IDEOLOGICAL METAMORPHOSIS OF XVIII CENTURY BRITISH THINKING: FROM BOLINGBROKE&#8217;S REPUBLICANISM TO BURKE&#8217;S LIBERALISM,Christian Edward Cyril Lynch; Paulo Henrique Paschoeto Cassimiro,2020,1806-9053,Revista Brasileira de Ciências Sociais,10.1590/3510217/2020,research-article,pt,data/processed/fulltext_corpus/article_texts_corpus.csv,TRUE,body_text,data/processed/credibility_prompt_v3_full_corpus/task_packets/3403_S0102-69092020000100508.md,31b6530839b4e14d257a2dedd315727ad337b4e67dc067d154a0266170007879,f538269c55a1eaf3bd4a0fd5ed4b685abdc48893cafec5046e330d15a922a0a3,TRUE,TRUE,67717,10389,articlemeta_fulltexts_html,http://www.scielo.br/j/rbcsoc/a/8vmNm86H5Snn9mPZGYGsX3k/?lang=pt,2026-06-04T00:31:21Z,1071,0,,PASS,exclude_pilot_175,exclude_analysis_ledger_journals_and_articles,journal_year_pid_with_lua_nova_last
3404,S0102-69092020000100510,SISTEMA POLÍTICO-ADMINISTRATIVO E INTERAÇÕES NA IMPLEMENTAÇÃO DE POLÍTICAS PÚBLICAS,POLITICAL-ADMINISTRATIVE SYSTEM AND THE INTERACTIONS IN THE IMPLEMENTATION OF PUBLIC POLICIES,Roberto Dutra,2020,1806-9053,Revista Brasileira de Ciências Sociais,10.1590/3510208/2020,research-article,pt,data/processed/fulltext_corpus/article_texts_corpus.csv,TRUE,body_text,data/processed/credibility_prompt_v3_full_corpus/task_packets/3404_S0102-69092020000100510.md,d01c411bdfaee08d1bc4cf36c43f3c29e573820169875ab59ddbecf071babd23,2371bb87ec1c8521b0cee2e4331b402891254febce66621b5b00bd49f9588cd4,TRUE,TRUE,77647,11244,articlemeta_fulltexts_html,http://www.scielo.br/j/rbcsoc/a/TYy8p9MHYzNbDgZ9FGwjZ8c/?lang=pt,2026-06-04T00:31:21Z,931,0,,PASS,exclude_pilot_175,exclude_analysis_ledger_journals_and_articles,journal_year_pid_with_lua_nova_last
3405,S0102-69092020000100511,ENTRE A DIVERSIDADE E O ANTAGONISMO: PRÁTICAS ARTICULATÓRIAS DA DISCURSIVIDADE LGBT NO MINISTÉRIO DA CULTURA,BETWEEN DIVERSITY AND ANTAGONISM: ARTICULATORY PRACTICES OF LGBT DISCURSIVENESS IN THE BRAZILIAN MINISTRY OF CULTURE,José de Souza Muniz Jr.; Alexandre Almeida Barbalho,2020,1806-9053,Revista Brasileira de Ciências Sociais,10.1590/3510209/2020,research-article,pt,data/processed/fulltext_corpus/article_texts_corpus.csv,TRUE,body_text,data/processed/credibility_prompt_v3_full_corpus/task_packets/3405_S0102-69092020000100511.md,6f6c1db7d7d34fb28c263c3aa5cf79d99f83f583dee804f3468f30716bfbd968,1a1a00ee459a74a36b68bcfc8a1b0c257ac934112831bfbe8e93404ff3176688,TRUE,TRUE,49358,7453,articlemeta_fulltexts_html,http://www.scielo.br/j/rbcsoc/a/VCdbmHKLctTJtfjQYvcHfSz/?lang=pt,2026-06-04T00:31:21Z,996,0,,PASS,exclude_pilot_175,exclude_analysis_ledger_journals_and_articles,journal_year_pid_with_lua_nova_last
3406,S0102-69092020000100512,O QUE MUDOU: UM NOVO ADEUS À CLASSE TRABALHADORA?,WHAT HAS CHANGED A new farewell to the working class?,Vitor Araújo Filgueiras; Sávio Machado Cavalcante,2020,0102-6909,Revista Brasileira de Ciências Sociais,10.1590/3510213/2020,research-article,en,data/processed/fulltext_corpus/article_texts_corpus.csv,TRUE,body_text,data/processed/credibility_prompt_v3_full_corpus/task_packets/3406_S0102-69092020000100512.md,3c08238585fba99f107f55fd1b5bffc67cf938cdeea6bb833819232f7c59a0dd,daa8eb8f34ef63dd6fef3a80539e42535ab8d600271c943877319e70b88228a4,TRUE,TRUE,63345,10251,articlemeta_fulltexts_html,http://www.scielo.br/j/rbcsoc/a/vtSqQzK7gKPYpZCL4qqGBbw/?lang=en,2026-06-04T00:31:22Z,1087,0,,PASS,exclude_pilot_175,exclude_analysis_ledger_journals_and_articles,journal_year_pid_with_lua_nova_last
3407,S0102-69092020000100514,MINHA CASA MINHA VIDA &#8211; ENTIDADES: Novos arranjos para a operação da política habitacional no Brasil,MINHA CASA MINHA VIDA &#8211; ENTITIES: NEW ARRANGMENTS FOR THE OPERATIONS OF BRAZILIAN HOUSING POLICY,Camila Moreno de Camargo,2020,0102-6909,Revista Brasileira de Ciências Sociais,10.1590/3510219/2020,research-article,pt,data/processed/fulltext_corpus/article_texts_corpus.csv,TRUE,body_text,data/processed/credibility_prompt_v3_full_corpus/task_packets/3407_S0102-69092020000100514.md,3858127449ae415257d6e63b4345a85162188332cbb3b165f788df6322007ef0,68bb2b3fd3483d9f58c95bfc816296ada4aa00c5e4b99ef9c51785a5673670b8,TRUE,TRUE,63238,9482,articlemeta_fulltexts_html,http://www.scielo.br/j/rbcsoc/a/tZMVXn8pfsJMzTbPTQGfZhK/?lang=pt,2026-06-04T00:31:23Z,992,0,,PASS,exclude_pilot_175,exclude_analysis_ledger_journals_and_articles,journal_year_pid_with_lua_nova_last
3408,S0102-69092020000100515,"&#8220;CORRO COM O PCC&#8221;, &#8220;CORRO COM O CV&#8221;, &#8220;SOU DO CRIME&#8221; Facções, sistema socioeducativo e os governos do ilícito em Alagoas","&#8220;I RUN WITH PCC&#8221;, I RUN WITH CV&#8221;, &#8220;I AM CRIME&#8221;: FACTIONS, SOCIO-EDUCATIONAL SYSTEM AND ILLICIT RULINGS IN ALAGOAS",Fernando de Jesus Rodrigues,2020,0102-6909,Revista Brasileira de Ciências Sociais,10.1590/3510216/2020,research-article,pt,data/processed/fulltext_corpus/article_texts_corpus.csv,TRUE,body_text,data/processed/credibility_prompt_v3_full_corpus/task_packets/3408_S0102-69092020000100515.md,5d486b74e90c31a61e3f1153c694d24f3b01d20ca5fa2f090e28b17112933e2e,a888be71c3830a2eee21d7fb3db9aac24bfa9570d3a9824f91061e0e133a9dc2,TRUE,TRUE,62710,9773,articlemeta_fulltexts_html,http://www.scielo.br/j/rbcsoc/a/JFqXmbVR7TGzch8dRgYCH4v/?lang=pt,2026-06-04T00:31:23Z,982,0,,PASS,exclude_pilot_175,exclude_analysis_ledger_journals_and_articles,journal_year_pid_with_lua_nova_last
3409,S0102-69092020000200501,ECONOMIA SOLIDÁRIA E TRAJETÓRIAS DE TRABALHO Uma visão retrospectiva a partir de dados nacionais,SOLIDARITY ECONOMY AND WORK PATHS: A RETROSPECTIVE FROM NATIONAL DATA,Luiz Inácio Germany Gaiger; Patrícia Sorgatto Kuyven,2020,1806-9053,Revista Brasileira de Ciências Sociais,10.1590/3510304/2020,research-article,pt,data/processed/fulltext_corpus/article_texts_corpus.csv,TRUE,body_text,data/processed/credibility_prompt_v3_full_corpus/task_packets/3409_S0102-69092020000200501.md,e44254f23680005591126d35a7a0145c95d2c1bfd0ce86ce48f284ed96eaa1c1,3420713dafd8910a9f825c5cf1b5be1af5d4d31a7e9e732a94cc3d26dcbc30e9,TRUE,TRUE,60371,9149,articlemeta_fulltexts_html,http://www.scielo.br/j/rbcsoc/a/3TQfLKKqF6NhrBhvrmJzw3y/?lang=pt,2026-06-04T00:31:23Z,998,0,,PASS,exclude_pilot_175,exclude_analysis_ledger_journals_and_articles,journal_year_pid_with_lua_nova_last
3410,S0102-69092020000200502,"REVISTA BRASILEIRA, DIRIGIDA POR JOSÉ VERÍSSIMO &#8211; MOTOR DE UMA GERAÇÃO*","REVISTA BRASILEIRA, DIRECTED BY JOSÉ VERÍSSIMO &#8211; ENGINE OF A GENERATION",Rachel Bertol,2020,0102-6909,Revista Brasileira de Ciências Sociais,10.1590/3510306/2020,research-article,pt,data/processed/fulltext_corpus/article_texts_corpus.csv,TRUE,body_text,data/processed/credibility_prompt_v3_full_corpus/task_packets/3410_S0102-69092020000200502.md,c78296fc739159ed4c6992cf2fbb2fa48d424e13be12ccac40a7b5b45d68b74f,b8fac6512e866129e487746b57803c5a9bda7227878bcead471a61a95db7081a,TRUE,TRUE,53118,8398,articlemeta_fulltexts_html,http://www.scielo.br/j/rbcsoc/a/d46nT8KM9hyjtm46rwy3Jgs/?lang=pt,2026-06-04T00:31:24Z,1091,0,,PASS,exclude_pilot_175,exclude_analysis_ledger_journals_and_articles,journal_year_pid_with_lua_nova_last
3411,S0102-69092020000200503,"TODOS OS ESTADOS SÃO IGUAIS, MAS ALGUNS SÃO MAIS IGUAIS QUE OS OUTROS","ALL STATES ARE EQUAL, BUT SOME ARE MORE EQUAL THAN OTHERS",Pedro Neiva; Taeko Hiroi,2020,0102-6909,Revista Brasileira de Ciências Sociais,10.1590/3510301/2020,research-article,pt,data/processed/fulltext_corpus/article_texts_corpus.csv,TRUE,body_text,data/processed/credibility_prompt_v3_full_corpus/task_packets/3411_S0102-69092020000200503.md,a25a7b29d65136ae9ef8aed51f8cbde599c843afcec6505dfc8014b71a252623,51edb6433734521b19467c5bc1e2d856682aa3f236d147a0579db3fa81e870f3,TRUE,TRUE,49113,7589,articlemeta_fulltexts_html,http://www.scielo.br/j/rbcsoc/a/XjQDjb6txFzTj93PM46TY8c/?lang=pt,2026-06-04T00:31:24Z,859,0,,PASS,exclude_pilot_175,exclude_analysis_ledger_journals_and_articles,journal_year_pid_with_lua_nova_last
3412,S0102-69092020000200504,TEORIA CRÍTICA NAS MARGENSUm diálogo entre marxismo e pós-colonialismo,CRITICAL THEORY AT THE MARGINS: A DIALOGUE BETWEEN MARXISM AND POST-COLONIALISM,Pedro dos Santos de Borba; Guilherme Figueredo Benzaquen,2020,1806-9053,Revista Brasileira de Ciências Sociais,10.1590/3510312/2020,research-article,pt,data/processed/fulltext_corpus/article_texts_corpus.csv,TRUE,body_text,data/processed/credibility_prompt_v3_full_corpus/task_packets/3412_S0102-69092020000200504.md,999e465dbcec9f37111c0e3828450f533fc574ea04da4b380be01241e33abe30,559fdff2fad18d02015b57b8c8622bd83986b233b533157b9bb1020e53b929e4,TRUE,TRUE,53773,7994,articlemeta_fulltexts_html,http://www.scielo.br/j/rbcsoc/a/nQgP7GzskDqGVmnWxv3MXfc/?lang=pt,2026-06-04T00:31:24Z,1087,0,,PASS,exclude_pilot_175,exclude_analysis_ledger_journals_and_articles,journal_year_pid_with_lua_nova_last
3413,S0102-69092020000200505,A ONU EM FACE DO RELATIVISMO CULTURAL O caso dos Direitos Humanos no mundo muçulmano,United Nations facing the cultural relativism: the case of Human Rights in the muslim world,Luana Hordones Chaves,2020,1806-9053,Revista Brasileira de Ciências Sociais,10.1590/3510214/2020,research-article,pt,data/processed/fulltext_corpus/article_texts_corpus.csv,TRUE,body_text,data/processed/credibility_prompt_v3_full_corpus/task_packets/3413_S0102-69092020000200505.md,775051a4f3c40ddfadc72511ff1354e841a574e19bbc1e44d9bc576dec9484db,695834ff4ae78e0b2e1315341e410885d6de711a314424a1acebe3e14155a794,TRUE,TRUE,59858,9226,articlemeta_fulltexts_html,http://www.scielo.br/j/rbcsoc/a/hdzbDpJ68X6JPSkyp4K5GZB/?lang=pt,2026-06-04T00:31:25Z,1012,0,,PASS,exclude_pilot_175,exclude_analysis_ledger_journals_and_articles,journal_year_pid_with_lua_nova_last
3414,S0102-69092020000200506,PROSTITUIÇÃO MASCULINA E INTERSECÇÕES DESEJANTES NAS RUAS DE CAMPO GRANDE (MS),MALE PROSTITUTION AND DESIRING INTERSECTION IN THE STREETS OF CAMPO GRANDE (MS),Guilherme Rodrigues Passamani; Marcelo Victor da Rosa; Tatiana Bezerra de Oliveira Lopes,2020,1806-9053,Revista Brasileira de Ciências Sociais,10.1590/3510303/2020,research-article,pt,data/processed/fulltext_corpus/article_texts_corpus.csv,TRUE,body_text,data/processed/credibility_prompt_v3_full_corpus/task_packets/3414_S0102-69092020000200506.md,e3565647415e2b963b8cd53055729a6af0089524d4a63ccb3fe37faf6a9c6655,da50cb52963a670ffb01dfad0c3815e790a27637df377d9185b51b7211cd12ac,TRUE,TRUE,41411,6539,articlemeta_fulltexts_html,http://www.scielo.br/j/rbcsoc/a/JTyMBYQKvrnnRTftpBypNWB/?lang=pt,2026-06-04T00:31:25Z,788,0,,PASS,exclude_pilot_175,exclude_analysis_ledger_journals_and_articles,journal_year_pid_with_lua_nova_last
3415,S0102-69092020000200507,EMOÇÕES E AFETOS NA CONTROVÉRSIA SOBRE A ANENCEFALIA,EMOTIONS AND AFFECTIONS IN THE ANENCEPHALY CONTROVERSY,Lilian Sales,2020,0102-6909,Revista Brasileira de Ciências Sociais,10.1590/3510305/2020,research-article,pt,data/processed/fulltext_corpus/article_texts_corpus.csv,TRUE,body_text,data/processed/credibility_prompt_v3_full_corpus/task_packets/3415_S0102-69092020000200507.md,e95ad31ad9b503600701b1d09ba5e003dc5c70ea2326f662e5aafb506caea834,50740f3dd5abaa40d872cd6da17e11be716896b5159bc86df8cedfdc3dffdd05,TRUE,TRUE,57600,9084,articlemeta_fulltexts_html,http://www.scielo.br/j/rbcsoc/a/QtfsSkss3QgmdVQLSGtqCNM/?lang=pt,2026-06-04T00:31:25Z,1019,0,,PASS,exclude_pilot_175,exclude_analysis_ledger_journals_and_articles,journal_year_pid_with_lua_nova_last
3416,S0102-69092020000200509,COMO SE GOVERNA A AMAZÔNIA? Redes sociais e governança ambiental em Unidades de Conservação*,HOW IS THE AMAZON GOVERNED? NETWORKS AND ENVIRONMENTAL GOVERNANCE IN PROTECTED AREAS,Tiago da Silva Jacaúna,2020,1806-9053,Revista Brasileira de Ciências Sociais,10.1590/3510302/2020,research-article,pt,data/processed/fulltext_corpus/article_texts_corpus.csv,TRUE,body_text,data/processed/credibility_prompt_v3_full_corpus/task_packets/3416_S0102-69092020000200509.md,8cce55dad0ab07166f84da78be7bbf6112d7e25431a549fe09131796dba1fc1b,fa2bddd99fcb0436f4de6e3b2e6ddb591930aede0b59a043832d4b72562ab6c9,TRUE,TRUE,48743,7632,articlemeta_fulltexts_html,http://www.scielo.br/j/rbcsoc/a/pLtj87qTGLb9hGZWnxN3zTx/?lang=pt,2026-06-04T00:31:26Z,1031,0,,PASS,exclude_pilot_175,exclude_analysis_ledger_journals_and_articles,journal_year_pid_with_lua_nova_last
3417,S0102-69092020000200510,GASTO PÚBLICO E DESIGUALDADE SOCIAL O orçamento do governo federal brasileiro entre 1995 e 2016,GASTO PÚBLICO E DESIGUALDADE SOCIAL O orçamento do governo federal brasileiro entre 1995 e 2016,Ursula Dias Peres; Fábio Pereira dos Santos,2020,1806-9053,Revista Brasileira de Ciências Sociais,10.1590/3510307/2020,research-article,pt,data/processed/fulltext_corpus/article_texts_corpus.csv,TRUE,body_text,data/processed/credibility_prompt_v3_full_corpus/task_packets/3417_S0102-69092020000200510.md,d68ca2bac725d9eec4f5d2064e168f8e225c152f9f1d99dcff36000b085e5e8b,209f246e588afc1721cf6f7ee72fc5d50c47a0e0a915084fa2c41c841466ebfe,TRUE,TRUE,52479,8212,articlemeta_fulltexts_html,http://www.scielo.br/j/rbcsoc/a/tmTgwdLgwtqr5xstkzgwprG/?lang=pt,2026-06-04T00:31:26Z,965,0,,PASS,exclude_pilot_175,exclude_analysis_ledger_journals_and_articles,journal_year_pid_with_lua_nova_last
3418,S0102-69092020000200511,"PARA ALÉM DE PUTNAM Cultura, capital social e liberdades, no sul do Brasil*","PARA ALÉM DE PUTNAM Cultura, capital social e liberdades, no sul do Brasil*",Airton Adelar Mueller,2020,1806-9053,Revista Brasileira de Ciências Sociais,10.1590/3510308/2020,research-article,pt,data/processed/fulltext_corpus/article_texts_corpus.csv,TRUE,body_text,data/processed/credibility_prompt_v3_full_corpus/task_packets/3418_S0102-69092020000200511.md,5f326d1d5ab808af93b12e80ee287b81699132b27689f1e252f1a07553af1b1f,7ddcb53b83a67aee799ca842fe9c629891509a3747e001b736358b95423864fe,TRUE,TRUE,61127,9330,articlemeta_fulltexts_html,http://www.scielo.br/j/rbcsoc/a/jNh9QJxwpyrjtLjG7VTnfSj/?lang=pt,2026-06-04T00:31:27Z,965,0,,PASS,exclude_pilot_175,exclude_analysis_ledger_journals_and_articles,journal_year_pid_with_lua_nova_last
3419,S0102-69092020000200512,A REGULAMENTAÇÃO DA PROSTITUIÇÃO É UMA DEMANDA POR JUSTIÇA?,IS THE REGULATION OF PROSTITUTION A DEMAND FOR JUSTICE?,Lorena Caminhas,2020,1806-9053,Revista Brasileira de Ciências Sociais,10.1590/3510310/2020,research-article,pt,data/processed/fulltext_corpus/article_texts_corpus.csv,TRUE,body_text,data/processed/credibility_prompt_v3_full_corpus/task_packets/3419_S0102-69092020000200512.md,ae0c2a2e0683b8ff6af5089ffb1c89dd3a75cf31ee3b4eb9988c235fdd354ffa,c7bb11d2c54c966cbbcb91a8109ae20a8d8cbe0973c7b077a67a4fefd9a05711,TRUE,TRUE,54009,8004,articlemeta_fulltexts_html,http://www.scielo.br/j/rbcsoc/a/rcVwN7ysSw5ftTrd6THqpdQ/?lang=pt,2026-06-04T00:31:27Z,975,0,,PASS,exclude_pilot_175,exclude_analysis_ledger_journals_and_articles,journal_year_pid_with_lua_nova_last
3420,S0102-69092020000200513,GLOSA SOBRE A MOEDA Mauss &amp; Simiand,A GLOSS ON MONEY: Mauss &amp; Simiand,Leopoldo Waizbort,2020,0102-6909,Revista Brasileira de Ciências Sociais,10.1590/3510311/2020,research-article,pt,data/processed/fulltext_corpus/article_texts_corpus.csv,TRUE,body_text,data/processed/credibility_prompt_v3_full_corpus/task_packets/3420_S0102-69092020000200513.md,6b5b82043130492a8006be144ff1f425b1ddb07b658f790d91fc5fe0993a644f,351fd37a6dd9bc2536f2afeb7e072ed13da2f5933fa39770069d506b4c1fcf9b,TRUE,TRUE,45935,7387,articlemeta_fulltexts_html,http://www.scielo.br/j/rbcsoc/a/b5x3GhkzkcwbfMFC9qdXqyg/?lang=pt,2026-06-04T00:31:28Z,381,0,,PASS,exclude_pilot_175,exclude_analysis_ledger_journals_and_articles,journal_year_pid_with_lua_nova_last
3421,S0102-69092020000200514,"ANTÉNOR FIRMIN, JEAN PRICE-MARS, JACQUES ROUMAIN: Antropólogos haitianos repovoando as narrativas históricas da Antropologia","ANTÉNOR FIRMIN, JEAN PRICE-MARS, JACQUES ROUMAIN: HAITIAN ANTHROPOLOGISTS REPOPULATING ANTHROPOLOGY'S HISTORICAL NARRATIVES",Pâmela Marconatto Marques; Marília Flôor Kosby,2020,0102-6909,Revista Brasileira de Ciências Sociais,10.1590/3510404/2020,research-article,pt,data/processed/fulltext_corpus/article_texts_corpus.csv,TRUE,body_text,data/processed/credibility_prompt_v3_full_corpus/task_packets/3421_S0102-69092020000200514.md,4cb94b516bbb5c6321cf61398289941842d090f56e058708a51c97f422230d88,a280cef6d37dbdacf1b760eb7e75b1d97687db330fc1489e5fec8e2af202fe07,TRUE,TRUE,61089,9277,articlemeta_fulltexts_html,http://www.scielo.br/j/rbcsoc/a/SKM9TV9JNWjzLwWQRnHNcbd/?lang=pt,2026-06-04T00:31:28Z,1190,0,,PASS,exclude_pilot_175,exclude_analysis_ledger_journals_and_articles,journal_year_pid_with_lua_nova_last
3422,S0102-69092020000300501,O JUIZ CONSTITUCIONAL ME REPRESENTA? O Supremo Tribunal Federal e a representação argumentativa,DOES THE CONSTITUTIONAL JUDGE REPRESENTS ME? THE FEDERAL SUPREME COURT AND THE ARGUMENTATIVE REPRESENTATION.,Luis Felipe Miguel; Daniel Bogéa,2020,1806-9053,Revista Brasileira de Ciências Sociais,10.1590/3510402/2020,research-article,pt,data/processed/fulltext_corpus/article_texts_corpus.csv,TRUE,body_text,data/processed/credibility_prompt_v3_full_corpus/task_packets/3422_S0102-69092020000300501.md,7b9557bc73ebe440f270d44feb9b8d38c63e4feefc40d0c3921c9ba480a2dd52,1e5f318b96c80d9473e13500ae6796b63927901abb36734290cc4dab124270c7,TRUE,TRUE,59597,8953,articlemeta_fulltexts_html,http://www.scielo.br/j/rbcsoc/a/XVsvWQHJXRSQpVDQfTH8nXc/?lang=pt,2026-06-04T00:31:29Z,1406,0,,PASS,exclude_pilot_175,exclude_analysis_ledger_journals_and_articles,journal_year_pid_with_lua_nova_last
3423,S0102-69092020000300502,O DEBATE PARLAMENTAR SOBRE A COMISSÃO NACIONAL DA VERDADE NO CONGRESSO NACIONAL BRASILEIRO,THE PARLIAMENTARY DEBATE ON THE NATIONAL TRUTH COMMISSION IN THE BRAZILIAN NATIONAL CONGRESS,Antonio Teixeira de Barros,2020,1806-9053,Revista Brasileira de Ciências Sociais,10.1590/3510401/2020,research-article,pt,data/processed/fulltext_corpus/article_texts_corpus.csv,TRUE,body_text,data/processed/credibility_prompt_v3_full_corpus/task_packets/3423_S0102-69092020000300502.md,9b4d4fc1385c9dd637666267237f9ba65d3c4c2040305a59422704142f35fd00,346f3ad82c28f769fe937b2251df5070c130fc96f8d0db76bdb4500f3a07b11f,TRUE,TRUE,81126,12552,articlemeta_fulltexts_html,http://www.scielo.br/j/rbcsoc/a/GpbPjvwpDBTSgN439jCC4bQ/?lang=pt,2026-06-04T00:31:30Z,880,0,,PASS,exclude_pilot_175,exclude_analysis_ledger_journals_and_articles,journal_year_pid_with_lua_nova_last
3424,S0102-69092020000300503,"COMPOSIÇÃO SOCIAL, CRITÉRIOS DE SELEÇÃO E LÓGICAS DE RECRUTAMENTO DA ELITE MÉDICA EM SERGIPE*","SOCIAL COMPOSITION, SELECTION CRITERIA AND RECRUITMENT LOGIC OF THE MEDICAL ELITE IN SERGIPE",Fernanda Rios Petrarca,2020,1806-9053,Revista Brasileira de Ciências Sociais,10.1590/3510403/2020,research-article,pt,data/processed/fulltext_corpus/article_texts_corpus.csv,TRUE,body_text,data/processed/credibility_prompt_v3_full_corpus/task_packets/3424_S0102-69092020000300503.md,9e9a1f14eccc21b87470f5ad087fe27c8f9765d6e2660a3bc44ea691de15cd0d,3ad14289f98e7d72598001bc4d30d64baed4f61b6848ea2cae71e477a82e5b0e,TRUE,TRUE,68355,10565,articlemeta_fulltexts_html,http://www.scielo.br/j/rbcsoc/a/SWzQ8ckVs5NWtN3vF7483tx/?lang=pt,2026-06-04T00:31:30Z,994,0,,PASS,exclude_pilot_175,exclude_analysis_ledger_journals_and_articles,journal_year_pid_with_lua_nova_last
3425,S0102-69092020000300504,OS DETERMINANTES DA QUEDA DA DESIGUALDADE DE RENDA NAS REGIÕES BRASILEIRAS ENTRE 2001 E 2015,INCOME INEQUALITY DECREASE DETERMINANTS IN BRAZILIAN REGIONS BETWEEN 2001 AND 2015,Marina Guazzelli Saad; Adriana Bruscato Bortoluzzo; Naercio Aquino Menezes Filho; Bruno Kawaoka Komatsu,2020,1806-9053,Revista Brasileira de Ciências Sociais,10.1590/3510313/2020,research-article,pt,data/processed/fulltext_corpus/article_texts_corpus.csv,TRUE,body_text,data/processed/credibility_prompt_v3_full_corpus/task_packets/3425_S0102-69092020000300504.md,c55323f1513b7e7b990b3daa75cab2a75f6b47fb767d582af1244c2267f0d5ca,4451bd42577abc08f0fc8d3076f92ba7479cd006d68309cab2a19b0dfcb89f2e,TRUE,TRUE,47587,7645,articlemeta_fulltexts_html,http://www.scielo.br/j/rbcsoc/a/spkD8jnRyDqPyNKmPPQqzCx/?lang=pt,2026-06-04T00:31:30Z,1008,0,,PASS,exclude_pilot_175,exclude_analysis_ledger_journals_and_articles,journal_year_pid_with_lua_nova_last
3426,S0102-69092020000300505,A PERIFERIZAÇÃO DA CIÊNCIA E OS ELEMENTOS DO REGIME DE ADMINISTRAÇÃO DA IRRELEVÂNCIA,THE PERIPHERIZATION OF SCIENCE AND THE ELEMENTS OF THE REGIME OF MANAGEMENT OF IRRELEVANCE,Fabrício Monteiro Neves,2020,0102-6909,Revista Brasileira de Ciências Sociais,10.1590/3510405/2020,research-article,pt,data/processed/fulltext_corpus/article_texts_corpus.csv,TRUE,body_text,data/processed/credibility_prompt_v3_full_corpus/task_packets/3426_S0102-69092020000300505.md,6a46c13a9b034cc3185e29ed2209b31b451f804fb78e609de670bb503d72af7c,5b8ab6e23646dcc5a1bceab9b0f35ffee72447cb8dfb7cea7c60f6c208fb8f5e,TRUE,TRUE,57576,8562,articlemeta_fulltexts_html,http://www.scielo.br/j/rbcsoc/a/BFf5gsSspWR9NFsxwy6vSNb/?lang=pt,2026-06-04T00:31:31Z,931,0,,PASS,exclude_pilot_175,exclude_analysis_ledger_journals_and_articles,journal_year_pid_with_lua_nova_last
3427,S0102-69092020000300506,OS PROJETOS DE LEI SOBRE SOFTWARE LIVRE NA COLÔMBIA,FREE SOFTWARE LAW PROJECTS IN COLOMBIA,Alexander Pereira-García,2020,0102-6909,Revista Brasileira de Ciências Sociais,10.1590/3510406/2020,research-article,es,data/processed/fulltext_corpus/article_texts_corpus.csv,TRUE,body_text,data/processed/credibility_prompt_v3_full_corpus/task_packets/3427_S0102-69092020000300506.md,a40e003838c93195744c9371f271736f59fb8f3084759cf8327549d9679a520f,d23e2b294cc6e8c19d3d38b0bcfa189c0fef4c75423e0b4b515c0e1e94e1a7a0,TRUE,TRUE,68259,10506,articlemeta_fulltexts_html,http://www.scielo.br/j/rbcsoc/a/jVWHdQ8CXbTC4GVRzzRT5sj/?lang=es,2026-06-04T00:31:31Z,1090,0,,PASS,exclude_pilot_175,exclude_analysis_ledger_journals_and_articles,journal_year_pid_with_lua_nova_last
3428,S0102-69092020000300507,OS POPULISMOS DE FRANCISCO WEFFORT,THE POPULISMS OF FRANCISCO WEFFORT,Daniela Mussi; André Kaysel Velasco e Cruz,2020,1806-9053,Revista Brasileira de Ciências Sociais,10.1590/3510409/2020,research-article,pt,data/processed/fulltext_corpus/article_texts_corpus.csv,TRUE,body_text,data/processed/credibility_prompt_v3_full_corpus/task_packets/3428_S0102-69092020000300507.md,30d0bfb0cc6612e32d93513b8e1cc51882fd2018b7abf0d0986fd52c83c5e5ba,09d05ead8564620c0003062b4b6fe02ee56e26017a5bbfaf4cfc6fbf786620cb,TRUE,TRUE,58562,8800,articlemeta_fulltexts_html,http://www.scielo.br/j/rbcsoc/a/m3HbB7rQRfr8pbYdkLbkBYk/?lang=pt,2026-06-04T00:31:32Z,1301,0,,PASS,exclude_pilot_175,exclude_analysis_ledger_journals_and_articles,journal_year_pid_with_lua_nova_last
3429,S0102-69092020000300508,QUAIS POLÍTICAS IMPORTAM? Usando ênfases na agenda legislativa para mensurar saliência,WHICH POLICIES MATTER? USING EMPHASES IN THE LEGISLATIVE AGENDA TO MEASURE SALIENCE,Mariana Batista,2020,0102-6909,Revista Brasileira de Ciências Sociais,10.1590/3510411/2020,research-article,pt,data/processed/fulltext_corpus/article_texts_corpus.csv,TRUE,body_text,data/processed/credibility_prompt_v3_full_corpus/task_packets/3429_S0102-69092020000300508.md,04896ff63044accb5da65ae1f3bcc40e769ebdf42a00875b25000be080e4d595,2eb6c85bf604f463e1a65841929146547c7c0ddf31438f15ea26947604e53d6f,TRUE,TRUE,59477,8998,articlemeta_fulltexts_html,http://www.scielo.br/j/rbcsoc/a/gM7mG35jtmMBr45CNkqZKYq/?lang=pt,2026-06-04T00:31:33Z,912,0,,PASS,exclude_pilot_175,exclude_analysis_ledger_journals_and_articles,journal_year_pid_with_lua_nova_last
3430,S0102-69092020000300509,PARA ALÉM DO &#8216;TRÂNSFUGA DE CLASSE&#8217; A socialização plural em narrativas da primeira geração de formados no ensino superior,BEYOND THE &#8220;CLASS DEFECTOR&#8221;: PLURAL SOCIALIZATION IN FIRST-GENERATION HIGHER EDUCATION STUDENT NARRATIVES,Raquel Guilherme de Lima,2020,1806-9053,Revista Brasileira de Ciências Sociais,10.1590/3510414/2020,research-article,pt,data/processed/fulltext_corpus/article_texts_corpus.csv,TRUE,body_text,data/processed/credibility_prompt_v3_full_corpus/task_packets/3430_S0102-69092020000300509.md,9d6a88ab7661adb746b1fee3d1bd174de12465998dc6a3dd2df18d32312bf00f,b850e73a548e43617be5cc83b717d67e652066dc764974ce5655869ba71f0972,TRUE,TRUE,57036,8766,articlemeta_fulltexts_html,http://www.scielo.br/j/rbcsoc/a/rbWkbg6yjzz6JYS7fBGQLkH/?lang=pt,2026-06-04T00:31:33Z,1129,0,,PASS,exclude_pilot_175,exclude_analysis_ledger_journals_and_articles,journal_year_pid_with_lua_nova_last
3431,S0102-69092020000300510,A EPISTEME ZAPATISTA: UMA OUTRA FORMA DE VER O MUNDO E FAZER POLÍTICA,THE ZAPATIST EPISTEME: A DIFFERENT WAY OF SEEING THE WORLD AND MAKING POLITICS,Victoria Inés Darling,2020,1806-9053,Revista Brasileira de Ciências Sociais,10.1590/3510408/2020,research-article,es,data/processed/fulltext_corpus/article_texts_corpus.csv,TRUE,body_text,data/processed/credibility_prompt_v3_full_corpus/task_packets/3431_S0102-69092020000300510.md,02fab7985266856f23ade0c03eef70f4a4c924485a8a46b0e5c2354ef4212c3a,8b877a04083c95a7b01cb6e7f15e6d0a21a38004d15ec5137b7033493aac0d13,TRUE,TRUE,67931,10629,articlemeta_fulltexts_html,http://www.scielo.br/j/rbcsoc/a/rFnYYNXkJL83cF7KZmjt6By/?lang=es,2026-06-04T00:31:33Z,1017,0,,PASS,exclude_pilot_175,exclude_analysis_ledger_journals_and_articles,journal_year_pid_with_lua_nova_last
3432,S0102-69092020000300511,POR UMA RECONSTRUÇÃO DA TRADIÇÃO DURKHEIMIANA,POR UMA RECONSTRUÇÃO DA TRADIÇÃO DURKHEIMIANA,Jayme Gomes Neto,2020,1806-9053,Revista Brasileira de Ciências Sociais,10.1590/3510413/2020,research-article,pt,data/processed/fulltext_corpus/article_texts_corpus.csv,TRUE,body_text,data/processed/credibility_prompt_v3_full_corpus/task_packets/3432_S0102-69092020000300511.md,477d83afb0c32c47b46b7714af1b19526aabbca592a0bd7b8f9146502523fbc0,2fc21135950993d0d624c8c05ea27999d45a51063af90aa3cc10510848a31876,TRUE,TRUE,58909,8631,articlemeta_fulltexts_html,http://www.scielo.br/j/rbcsoc/a/yVsSwdbfB6QCqfbD8hjbZZf/?lang=pt,2026-06-04T00:31:33Z,966,0,,PASS,exclude_pilot_175,exclude_analysis_ledger_journals_and_articles,journal_year_pid_with_lua_nova_last
3433,S0102-69092020000300512,MATISSE E A RELIGIÃO DA ARTE,MATISSE AND THE RELIGION OF ART,Paola Lins de Oliveira,2020,1806-9053,Revista Brasileira de Ciências Sociais,10.1590/3510407/2020,research-article,pt,data/processed/fulltext_corpus/article_texts_corpus.csv,TRUE,body_text,data/processed/credibility_prompt_v3_full_corpus/task_packets/3433_S0102-69092020000300512.md,0b5a6e50a9f5116857c5988394691b9bc4e9261d4dc9c7e15fec1b75a18a86a6,607c26918889111dc588ce75d6b093d3920c8b0537510b0df0c4af7d5c569853,TRUE,TRUE,58647,9418,articlemeta_fulltexts_html,http://www.scielo.br/j/rbcsoc/a/X5pMTsKkwsHpNf6MdmrJGvs/?lang=pt,2026-06-04T00:31:34Z,1348,0,,PASS,exclude_pilot_175,exclude_analysis_ledger_journals_and_articles,journal_year_pid_with_lua_nova_last
3434,S0102-69092020000300513,CONCERTAÇÃO E PODER O agronegócio como fenômeno político no Brasil,CONCERTATION AND POWER: AGRIBUSINESS AS A POLITICAL PHENOMENON IN BRAZIL,Caio Pompeia,2020,0102-6909,Revista Brasileira de Ciências Sociais,10.1590/3510410/2020,research-article,pt,data/processed/fulltext_corpus/article_texts_corpus.csv,TRUE,body_text,data/processed/credibility_prompt_v3_full_corpus/task_packets/3434_S0102-69092020000300513.md,59db536262ea4ce58532baad74e451431cae7f7d0a2bd841e9daee9136873110,76f44555b28c67c2e524764110f8a423a999f391c68f6ebc9e27299b868c51f2,TRUE,TRUE,53589,7890,articlemeta_fulltexts_html,http://www.scielo.br/j/rbcsoc/a/bWNJXhwGrcqZRqjJF6rD5pv/?lang=pt,2026-06-04T00:31:34Z,942,0,,PASS,exclude_pilot_175,exclude_analysis_ledger_journals_and_articles,journal_year_pid_with_lua_nova_last
3435,S0102-69092020000300514,QUANDO O CONTEXTO IMPORTA. Análise do turnover ministerial na Argentina e no Brasil após a redemocratização,WHEN CONTEXT MATTERS: ANALYSIS OF THE MINISTERIAL TURNOVER IN ARGENTINA AND BRAZIL AFTER REDEMOCRATIZATION,Renato Perissinotto; Adriano Codato; Mariana Gené,2020,1806-9053,Revista Brasileira de Ciências Sociais,10.1590/3510412/2020,research-article,pt,data/processed/fulltext_corpus/article_texts_corpus.csv,TRUE,body_text,data/processed/credibility_prompt_v3_full_corpus/task_packets/3435_S0102-69092020000300514.md,04268e3e0e8f5c4e0809034cfde2a26963e49629202a3a583a0e15da7b5634ad,0cec6ff2ef1b18995bc4f83065995c29dcae1af628daac44d3df137ac1faccd3,TRUE,TRUE,49673,7777,articlemeta_fulltexts_html,http://www.scielo.br/j/rbcsoc/a/r6Yv8jfWvNHzhb8X57Jd8vF/?lang=pt,2026-06-04T00:31:35Z,1095,0,,PASS,exclude_pilot_175,exclude_analysis_ledger_journals_and_articles,journal_year_pid_with_lua_nova_last
3436,S0102-69092021000100501,O CONFLITO SOBRE A SERRA DO GANDARELA: uma análise deliberativa sistêmica,THE CONFLICT ON SERRA DO GANDARELA: A DELIBERATIVE SYSTEMS ANALYSIS,Filipe Mendes Motta,2021,1806-9053,Revista Brasileira de Ciências Sociais,10.1590/3610500/2020,research-article,pt,data/processed/fulltext_corpus/article_texts_corpus.csv,TRUE,body_text,data/processed/credibility_prompt_v3_full_corpus/task_packets/3436_S0102-69092021000100501.md,82c5c79e4cc149a4c1a548ae52f0dca290e70205b070db82d89b48d28094e90e,b3061009d1a39164825520d7a769a1ce9ca1968b5f00e0d32cd3d9a5802e4411,TRUE,TRUE,78431,12142,articlemeta_fulltexts_html,http://www.scielo.br/j/rbcsoc/a/nTKLhQ6dXxMkkvLB9Sqtkxw/?lang=pt,2026-06-04T00:31:35Z,1242,0,,PASS,exclude_pilot_175,exclude_analysis_ledger_journals_and_articles,journal_year_pid_with_lua_nova_last
3437,S0102-69092021000100502,OS ESTUDOS DE IMPACTO AMBIENTAL E A ECONOMIA DE VISIBILIDADES DO DESENVOLVIMENTO,ENVIRONMENTAL IMPACT STUDIES AND THE DEVELOPMENT VISIBILITY ECONOMY,Raquel Oliveira Santos Teixeira; Andréa Zhouri; Luana Dias Motta,2021,1806-9053,Revista Brasileira de Ciências Sociais,10.1590/3610501/2020,research-article,pt,data/processed/fulltext_corpus/article_texts_corpus.csv,TRUE,body_text,data/processed/credibility_prompt_v3_full_corpus/task_packets/3437_S0102-69092021000100502.md,1d22d16fa16aa9135ed7bdfe0de6b71f055e0c5293a7e08361941276326ddfd5,4eedeb53edee33cc646625d3664a02e433e5db112552255c881ccfe737f396ec,TRUE,TRUE,52526,7598,articlemeta_fulltexts_html,http://www.scielo.br/j/rbcsoc/a/CX94xtKJ5HFt6CWs8psVSXC/?lang=pt,2026-06-04T00:31:35Z,1084,0,,PASS,exclude_pilot_175,exclude_analysis_ledger_journals_and_articles,journal_year_pid_with_lua_nova_last
3438,S0102-69092021000100503,PROFISSÃO E ESTRATIFICAÇÃO SOCIAL Desigualdades nas trajetórias de médicos e enfermeiros no Brasil atual,PROFESSION AND SOCIAL STRATIFICATION: INEQUALITIES IN THE TRAJECTORIES OF PHYSICIANS AND NURSES IN TODAY&#8217;S BRAZIL,Lucas Wan Der Maas; Alessandra Sampaio Chacham; Maria Carolina Tomás,2021,1806-9053,Revista Brasileira de Ciências Sociais,10.1590/3610503/2020,research-article,pt,data/processed/fulltext_corpus/article_texts_corpus.csv,TRUE,body_text,data/processed/credibility_prompt_v3_full_corpus/task_packets/3438_S0102-69092021000100503.md,d9aa0280920f367d32af0c55174868ca5e80cd50382d6f63247d5d72f6846fcb,187a052e339da86dd7971065990362a018123de151725ca8012c1ede0f57ce95,TRUE,TRUE,57761,8740,articlemeta_fulltexts_html,http://www.scielo.br/j/rbcsoc/a/VhCwsLDGTcmtxVCFxzwtD5h/?lang=pt,2026-06-04T00:31:35Z,916,0,,PASS,exclude_pilot_175,exclude_analysis_ledger_journals_and_articles,journal_year_pid_with_lua_nova_last
3439,S0102-69092021000100504,COMPARAÇÕES DE POLÍTICAS DE AÇÕES AFIRMATIVAS SIMULADAS NA UNIVERSIDADE FEDERAL DE MINAS GERAIS,COMPARISONS OF COUNTERFACTUAL AFFIRMATIVE ACTION POLICIES AT THE FEDERAL UNIVERSITY OF MINAS GERAIS,André Braz Golgher,2021,1806-9053,Revista Brasileira de Ciências Sociais,10.1590/3610508/2020,research-article,en,data/processed/fulltext_corpus/article_texts_corpus.csv,TRUE,body_text,data/processed/credibility_prompt_v3_full_corpus/task_packets/3439_S0102-69092021000100504.md,38976434ef1a02cda1e022dfc65387a6be2fdffffa24d12b3e261ef426502e31,6aefff731fdb1540db565daa94c18d025b6955effaa7c55074c2fa71797b7387,TRUE,TRUE,59635,9379,articlemeta_fulltexts_html,http://www.scielo.br/j/rbcsoc/a/S6cJbkcbrFVF4KrYQJ99gCx/?lang=en,2026-06-04T00:31:37Z,1166,0,,PASS,exclude_pilot_175,exclude_analysis_ledger_journals_and_articles,journal_year_pid_with_lua_nova_last
3440,S0102-69092021000100505,TRABALHADORES RURAIS NO PARLAMENTO O lobby da Contag na Câmara dos Deputados (2007-2015),RURAL WORKERS IN PARLIAMENT: CONTAG'S LOBBY AT THE CHAMBER OF DEPUTIES (2007-2015),Barbara Salatiel Borges; Paula Vivacqua de Souza Galvão Boarin; Ciro Antônio da Silva Resende; Lucas Henrique Ribeiro da Silva,2021,0102-6909,Revista Brasileira de Ciências Sociais,10.1590/3610502/2020,research-article,pt,data/processed/fulltext_corpus/article_texts_corpus.csv,TRUE,body_text,data/processed/credibility_prompt_v3_full_corpus/task_packets/3440_S0102-69092021000100505.md,a70073be18d91df06568832e73de82287b37d07217aedee667e8653e1d24d7d0,46f8136ccfdb49eb7f48e2bf4f7c77372f8920e5ba649f365011767b5d6bdb18,TRUE,TRUE,57126,8823,articlemeta_fulltexts_html,http://www.scielo.br/j/rbcsoc/a/dZSVHzytYxFH9n4fmWcJzvw/?lang=pt,2026-06-04T00:31:37Z,984,0,,PASS,exclude_pilot_175,exclude_analysis_ledger_journals_and_articles,journal_year_pid_with_lua_nova_last
3441,S0102-69092021000100506,&#8220;TERRAS ADUBADAS COM SANGUE&#8221; O coronelismo de Terras do sem fim,&#8220;LANDS FERTILIZED WITH BLOOD&#8221;: THE CORONELISM OF THE VIOLENT LAND,João Paulo Mansur,2021,1806-9053,Revista Brasileira de Ciências Sociais,10.1590/3610507/2020,research-article,pt,data/processed/fulltext_corpus/article_texts_corpus.csv,TRUE,body_text,data/processed/credibility_prompt_v3_full_corpus/task_packets/3441_S0102-69092021000100506.md,b5a9ef1786f20106cc277d2efef53bfd583ddb61e3d0e4ee1878d6ac1f29c8c9,390840755b566ce80347de9d8b73645ef72c2fe831ef4d1728c5ba5c03487a73,TRUE,TRUE,46900,7621,articlemeta_fulltexts_html,http://www.scielo.br/j/rbcsoc/a/9qN3hjfWHPdxvpKbrhk8Gvv/?lang=pt,2026-06-04T00:31:40Z,1339,0,,PASS,exclude_pilot_175,exclude_analysis_ledger_journals_and_articles,journal_year_pid_with_lua_nova_last
3442,S0102-69092021000100507,OIKONOMIA PENTECOSTAL reflexões teológico-econômicas sobre religião e neoliberalismo,PENTECOSTAL OIKONOMIA: THEO-ECONOMIC REFLECTIONS ON RELIGION AND NEOLIBERALISM,Bruno Reinhardt,2021,1806-9053,Revista Brasileira de Ciências Sociais,10.1590/3610510/2020,research-article,pt,data/processed/fulltext_corpus/article_texts_corpus.csv,TRUE,body_text,data/processed/credibility_prompt_v3_full_corpus/task_packets/3442_S0102-69092021000100507.md,296dc2f5efd334eb1e610037d47a42e450a65d308f9dabd73699c430602ad662,6b9324b8a8ce962e725011c8202efd45e3f81c2dad7aea34b67deab17241e417,TRUE,TRUE,65829,10105,articlemeta_fulltexts_html,http://www.scielo.br/j/rbcsoc/a/WZHsbZGwQL6Gm84Y7qxRLhL/?lang=pt,2026-06-04T00:31:40Z,670,0,,PASS,exclude_pilot_175,exclude_analysis_ledger_journals_and_articles,journal_year_pid_with_lua_nova_last
3443,S0102-69092021000100508,CAMPANHAS TRADICIONAIS OU MODERNAS? Estratégias de gastos nas eleições municipais de 2016,Traditional or modern campaigns? Spending strategies in the 2016 municipal elections,Daniel Sampaio,2021,1806-9053,Revista Brasileira de Ciências Sociais,10.1590/3610511/2020,research-article,pt,data/processed/fulltext_corpus/article_texts_corpus.csv,TRUE,body_text,data/processed/credibility_prompt_v3_full_corpus/task_packets/3443_S0102-69092021000100508.md,faa50a4d08879eb55b70cc0a4c76714dff6fe3b486419adfb1520959652d9af1,80f6b7e9fc276582cd7f6b0bf0092bb333f1e9ebbdbd5fe22d150bf333366a00,TRUE,TRUE,36033,5582,articlemeta_fulltexts_html,http://www.scielo.br/j/rbcsoc/a/qFcDtdWnWjspBfnRhwwKVqn/?lang=pt,2026-06-04T00:31:40Z,981,0,,PASS,exclude_pilot_175,exclude_analysis_ledger_journals_and_articles,journal_year_pid_with_lua_nova_last
3444,S0102-69092021000100509,NOVOS RUMOS DA TEORIA SOCIAL A PARTIR DE TRÊS GESTOS DA SOCIOLOGIA PRAGMÁTICA,NEW SOCIAL THEORY DIRECTIONS FROM THREE PRAGMATIC SOCIOLOGY GESTURES,Diogo Silva Corrêa,2021,1806-9053,Revista Brasileira de Ciências Sociais,10.1590/3610505/2020,research-article,pt,data/processed/fulltext_corpus/article_texts_corpus.csv,TRUE,body_text,data/processed/credibility_prompt_v3_full_corpus/task_packets/3444_S0102-69092021000100509.md,e6b9fd1477d5097fa0a328e877b6ce6bb60a6516df94897e8421cd701a7de40e,c7f2bf50cd6d1c93cdd274d02cffe99c871de8c3115a1cf32c07f5954eea7c18,TRUE,TRUE,50584,8036,articlemeta_fulltexts_html,http://www.scielo.br/j/rbcsoc/a/yjqTKKqyNC7gKbQBpyNwYFD/?lang=pt,2026-06-04T00:31:40Z,1353,0,,PASS,exclude_pilot_175,exclude_analysis_ledger_journals_and_articles,journal_year_pid_with_lua_nova_last
3445,S0102-69092021000100511,BEM VIVER E SOCIALISMO INDOAMERICANO: UMA BUSCA EPISTÊMICO-POLÍTICA,GOOD LIVING AND INDOAMERICAN SOCIALISM: AN EPISTEMIC-POLITICAL SEARCH,Félix Pablo Friggeri,2021,1806-9053,Revista Brasileira de Ciências Sociais,10.1590/3610513/2020,research-article,es,data/processed/fulltext_corpus/article_texts_corpus.csv,TRUE,body_text,data/processed/credibility_prompt_v3_full_corpus/task_packets/3445_S0102-69092021000100511.md,346ac3bab85a74b4d8fa55aba507de14ca22bd8e985cc257d2b30a640d69f54b,0f8821e8d93e5c5c53c0d3f3233178d0696d1d985d12eaf2b60f052e7bb64dbb,TRUE,TRUE,67196,10240,articlemeta_fulltexts_html,http://www.scielo.br/j/rbcsoc/a/T9PFHSdgMPfw8VTx394zf3f/?lang=es,2026-06-04T00:31:42Z,899,0,,PASS,exclude_pilot_175,exclude_analysis_ledger_journals_and_articles,journal_year_pid_with_lua_nova_last
3446,S0102-69092021000100512,GESTÃO CONFLITIVA DE MEMÓRIAS DOCUMENTAIS PELA UNESCO,CONFLICT MANAGEMENT OF DOCUMENTARY MEMORIES BY UNESCO,Hilário Figueiredo Pereira Filho,2021,1806-9053,Revista Brasileira de Ciências Sociais,10.1590/3610509/2020,research-article,pt,data/processed/fulltext_corpus/article_texts_corpus.csv,TRUE,body_text,data/processed/credibility_prompt_v3_full_corpus/task_packets/3446_S0102-69092021000100512.md,80899aa98414a0968b856e40bccca84c6958bff13f1f67a4d4df8784a720b3b1,7e5ea3fb220c0ec097e2c356de897b1e842827b3141ad83f436d30543ca46979,TRUE,TRUE,59464,8974,articlemeta_fulltexts_html,http://www.scielo.br/j/rbcsoc/a/KnwgRmyjGKxJKMm8ybM76Nx/?lang=pt,2026-06-04T00:31:42Z,851,0,,PASS,exclude_pilot_175,exclude_analysis_ledger_journals_and_articles,journal_year_pid_with_lua_nova_last
3447,S0102-69092021000100513,O SUPREMO TRIBUNAL FEDERAL E A MUDANÇA CONSTITUCIONAL,SUPREME FEDERAL COURT AND CONSTITUTIONAL CHANGE,Fabiana Luci de Oliveira; Diego Werneck Arguelhes,2021,1806-9053,Revista Brasileira de Ciências Sociais,10.1590/3610506/2020,research-article,pt,data/processed/fulltext_corpus/article_texts_corpus.csv,TRUE,body_text,data/processed/credibility_prompt_v3_full_corpus/task_packets/3447_S0102-69092021000100513.md,2d3914e39141a7cbd959e3edfae152f79eb90b4b5a8b9c1735f399490acd3de4,af25c5a3768197a73aaec5081f5ad5f4e05757af2e24e6fb44229ee6340909a1,TRUE,TRUE,47562,7261,articlemeta_fulltexts_html,http://www.scielo.br/j/rbcsoc/a/JtHQJkdQwDwBCMMdk8TTRTd/?lang=pt,2026-06-04T00:31:42Z,1336,0,,PASS,exclude_pilot_175,exclude_analysis_ledger_journals_and_articles,journal_year_pid_with_lua_nova_last
3448,S0102-69092021000200501,A GUERRA COMO MODO DE GOVERNO EM FAVELAS DO RIO DE JANEIRO,WAR AS A GOVERNMENT MODE IN RIO DE JANEIRO'S SLUMS,Alexandre Magalhães,2021,1806-9053,Revista Brasileira de Ciências Sociais,10.1590/3610600/2021,research-article,pt,data/processed/fulltext_corpus/article_texts_corpus.csv,TRUE,body_text,data/processed/credibility_prompt_v3_full_corpus/task_packets/3448_S0102-69092021000200501.md,7a0cb162bf888bc7438bf373ed3ebfd0c9db1e23a861dcbbe9060582cb55590c,510ef1e5d6167a2cef08645fcbc016e9d94f9e702b07dfc60c05a26407267da7,TRUE,TRUE,48369,7543,articlemeta_fulltexts_html,http://www.scielo.br/j/rbcsoc/a/4CqxyjC7QmhBHRc3cr6TMzt/?lang=pt,2026-06-04T00:31:43Z,1015,0,,PASS,exclude_pilot_175,exclude_analysis_ledger_journals_and_articles,journal_year_pid_with_lua_nova_last
3449,S0102-69092021000200502,CONSELHOS E REGIMES DE NORMATIZAÇÃO padrões decisórios em municípios de grande porte,REGULATORY COUNCILS AND REGIMES - DECISION STANDARDS IN LARGE MUNICIPALITIES,Adrian Gurza Lavalle; Hellen Guicheney; Bruno Grisotto Vello,2021,0102-6909,Revista Brasileira de Ciências Sociais,10.1590/3610610/2021,research-article,pt,data/processed/fulltext_corpus/article_texts_corpus.csv,TRUE,body_text,data/processed/credibility_prompt_v3_full_corpus/task_packets/3449_S0102-69092021000200502.md,8f0da26ded774547bbbdf1c07f8ac7a20b2bc4f4af47fdb7983a4dbd4b4b9df5,5cb3aef88cc662d8d0289a09aef07a5e7d0edba0e31cc7d637069e92d9714232,TRUE,TRUE,61821,9094,articlemeta_fulltexts_html,http://www.scielo.br/j/rbcsoc/a/SVX4FMc7h9ybsHjSYsbRwVC/?lang=pt,2026-06-04T00:31:43Z,1329,0,,PASS,exclude_pilot_175,exclude_analysis_ledger_journals_and_articles,journal_year_pid_with_lua_nova_last
3450,S0102-69092021000200503,CRIMINALIDADE NA CIDADE DO RIO DE JANEIRO (RJ) As influências das políticas públicas e as relações a curto e longo prazos,CRIME IN THE CITY OF RIO DE JANEIRO (RJ) PUBLIC POLICY INFLUENCES AND SHORT- AND LONG-TERM RELATIONSHIPS,João Gabriel Pio; Ana Carolina Santos Brito; Alexandre Lopes Gomes,2021,1806-9053,Revista Brasileira de Ciências Sociais,10.1590/3610601/2021,research-article,pt,data/processed/fulltext_corpus/article_texts_corpus.csv,TRUE,body_text,data/processed/credibility_prompt_v3_full_corpus/task_packets/3450_S0102-69092021000200503.md,3253b5e19b531bbaedeb7b4ea4f3cf8070ff9ecac3cd944ee687f0f55e3f1287,d817ba1830a5a53e0fa07721d6145bf95bb084efa582cacda00f6737c350ffea,TRUE,TRUE,40821,6519,articlemeta_fulltexts_html,http://www.scielo.br/j/rbcsoc/a/P8NPDMrGjMyJDKMRz8WHRvK/?lang=pt,2026-06-04T00:31:43Z,983,0,,PASS,exclude_pilot_175,exclude_analysis_ledger_journals_and_articles,journal_year_pid_with_lua_nova_last
3451,S0102-69092021000200504,A DOSAGEM DO PASSADO: A MEMÓRIA NAS POLÍTICAS OFICIAIS DE REPARAÇÃO DO CHILE,THE DOSAGE OF THE PAST: MEMORY IN CHILE&#8217;S OFFICIAL REPARATION POLICIES,Juan Carlos Arboleda-Ariza; Gabriel Prosser Bravo,2021,1806-9053,Revista Brasileira de Ciências Sociais,10.1590/3610604/2021,research-article,es,data/processed/fulltext_corpus/article_texts_corpus.csv,TRUE,body_text,data/processed/credibility_prompt_v3_full_corpus/task_packets/3451_S0102-69092021000200504.md,374b6a8c1c842167d0c292e8dcfb0e770caf090b379e390a14dc96ebdccee1ae,48edd6bdaf9abe1b1c051e5854546d13aaae4948c40d146ea715504710544c27,TRUE,TRUE,52245,8508,articlemeta_fulltexts_html,http://www.scielo.br/j/rbcsoc/a/kfqFryxYyvzG7Qwd9GFCRzz/?lang=es,2026-06-04T00:31:43Z,990,0,,PASS,exclude_pilot_175,exclude_analysis_ledger_journals_and_articles,journal_year_pid_with_lua_nova_last
3452,S0102-69092021000200505,O CUIDADO E SUAS REDES doença e diferença em instituições de saúde indígena em São Paulo,CARE AND ITS NETWORKS: DISEASE AND DIFFERENCE IN INDIGENOUS HEALTH INSTITUTIONS IN SÃO PAULO,Valéria Macedo,2021,1806-9053,Revista Brasileira de Ciências Sociais,10.1590/3610602/2021,research-article,pt,data/processed/fulltext_corpus/article_texts_corpus.csv,TRUE,body_text,data/processed/credibility_prompt_v3_full_corpus/task_packets/3452_S0102-69092021000200505.md,a1c29c4428a7b59d4a2f78ebe14fb0dcba631e4a085c36ec03595bfab107b849,898f3da6d3ae91fdb5e79ce13f9ebd493d822a284083f0fb0e51a0e5239a76f6,TRUE,TRUE,70736,11064,articlemeta_fulltexts_html,http://www.scielo.br/j/rbcsoc/a/MGn7Hzf6tJNQdH5RYT3Hz9s/?lang=pt,2026-06-04T00:31:45Z,973,0,,PASS,exclude_pilot_175,exclude_analysis_ledger_journals_and_articles,journal_year_pid_with_lua_nova_last
3453,S0102-69092021000200506,CONHECIMENTOS GEOGRÁFICOS E TERRITORIAIS COM BASE EPISTÊMICA NA MEMÓRIA SOCIAL MAPUCHE,GEOGRAPHIC AND TERRITORIAL KNOWLEDGE WITH EPISTEMIC BASIS IN THE SOCIAL MEMORY MAPUCHE,Segundo Quintriqueo Millán; Katerin Arias-Ortega; Gerardo Muñoz Troncoso; Héctor Torres; Soledad Morales; Fernando Peña-Cortés,2021,1806-9053,Revista Brasileira de Ciências Sociais,10.1590/3610603/2021,research-article,es,data/processed/fulltext_corpus/article_texts_corpus.csv,TRUE,body_text,data/processed/credibility_prompt_v3_full_corpus/task_packets/3453_S0102-69092021000200506.md,98dbca91bc13dc994843839ff275cc9eec6da007782a2f02769fcee658693b76,a4c52a064ba4dd8272a538eaeaae9d8e2bd18aa68aea3a9bb62a72d06cb73a63,TRUE,TRUE,55690,8395,articlemeta_fulltexts_html,http://www.scielo.br/j/rbcsoc/a/vNBfKrcvDXjC8Z8RYDMyM5G/?lang=es,2026-06-04T00:31:45Z,997,0,,PASS,exclude_pilot_175,exclude_analysis_ledger_journals_and_articles,journal_year_pid_with_lua_nova_last
3454,S0102-69092021000200507,AS NOVAS CONFIGURAÇÕES ESPACIAIS DO EMPREENDEDORISMO TECNOLÓGICO E AS EXPERIÊNCIAS DE TRABALHO NO POLO DE TECNOLOGIA DE SÃO CARLOS-SP,"THE NEW TECHNOLOGICAL ENTREPRENEURSHIP SPATIAL CONFIGURATIONS AND WORKING EXPERIENCES IN THE SÃO CARLOS, SP, TECHNOLOGY POLE",Aline Suelen Pires,2021,1806-9053,Revista Brasileira de Ciências Sociais,10.1590/3610605/2021,research-article,pt,data/processed/fulltext_corpus/article_texts_corpus.csv,TRUE,body_text,data/processed/credibility_prompt_v3_full_corpus/task_packets/3454_S0102-69092021000200507.md,02aa66e95b28bc8503077d94ba1f00186cea8e98a1dc5a30ec57029ea4e93048,b1424560867087e2cc7be0c0e4eaae9b936a5c9bbf384fdbf955181aaa514132,TRUE,TRUE,58856,9112,articlemeta_fulltexts_html,http://www.scielo.br/j/rbcsoc/a/kVyBjrCVQcvbmwvpPTbdrTg/?lang=pt,2026-06-04T00:31:46Z,1022,0,,PASS,exclude_pilot_175,exclude_analysis_ledger_journals_and_articles,journal_year_pid_with_lua_nova_last
3455,S0102-69092021000200508,GÊNERO E RAÇA NO CINEMA BRASILEIRO,GENDER AND RACE IN THE BRAZILIAN CINEMA,Marcia Rangel Candido; Luiz Augusto Campos; João Feres Júnior; Poema Eurístenes Portela,2021,1806-9053,Revista Brasileira de Ciências Sociais,10.1590/3610611/2021,research-article,pt,data/processed/fulltext_corpus/article_texts_corpus.csv,TRUE,body_text,data/processed/credibility_prompt_v3_full_corpus/task_packets/3455_S0102-69092021000200508.md,3b08a9f3e8fe7ceb0d97f40175922d498c1e8c7ce0e5840b3400f12708723029,b3229a7fb7939d5301c98e7946aaecbff29eed5fef125ade9a2806e4a1adfcf4,TRUE,TRUE,35528,5472,articlemeta_fulltexts_html,http://www.scielo.br/j/rbcsoc/a/YNhtmqLxsbJDK5pspvV35gD/?lang=pt,2026-06-04T00:31:46Z,964,0,,PASS,exclude_pilot_175,exclude_analysis_ledger_journals_and_articles,journal_year_pid_with_lua_nova_last
3456,S0102-69092021000200509,O DEBATE SOBRE O ABORTO NAS CÂMARAS DOS DEPUTADOS DO BRASIL E DO URUGUAI (1985-2016),THE DEBATE ON ABORTION AT BRAZIL AND URUGUAY&#8217;S CHAMBER OF DEPUTIES (1985-2016),Luis Gustavo Teixeira da Silva,2021,1806-9053,Revista Brasileira de Ciências Sociais,10.1590/3610607/2021,research-article,pt,data/processed/fulltext_corpus/article_texts_corpus.csv,TRUE,body_text,data/processed/credibility_prompt_v3_full_corpus/task_packets/3456_S0102-69092021000200509.md,8013e8f0feca5b9a8577b5e1d3ee18ddfe1709752b73e85ee30e77764a589a62,d7bbf07c7afbbd9c3dd02d5ae71437a329b119b7bf064d68387990f3215e0e26,TRUE,TRUE,73132,11135,articlemeta_fulltexts_html,http://www.scielo.br/j/rbcsoc/a/g4NgpWzrzkJNgBj9bdsJvLz/?lang=pt,2026-06-04T00:31:47Z,979,0,,PASS,exclude_pilot_175,exclude_analysis_ledger_journals_and_articles,journal_year_pid_with_lua_nova_last
3457,S0102-69092021000200510,MINIPÚBLICOS E INOVAÇÃO DEMOCRÁTICA O Caso do Jardim Lapenna,MINIPUBLIC AND DEMOCRATIC INNOVATION THE CASE OF THE LAPENNA GARDEN,José Veríssimo Romão Netto; Silvia Cervellini,2021,0102-6909,Revista Brasileira de Ciências Sociais,10.1590/3610612/2021,research-article,pt,data/processed/fulltext_corpus/article_texts_corpus.csv,TRUE,body_text,data/processed/credibility_prompt_v3_full_corpus/task_packets/3457_S0102-69092021000200510.md,2246212be9803304571d01117ae37fe1e3b82c0d3936297822f3a4f10a400d27,628b0b2dcbc9d1000361dc1d85b85ab30ff50e8b6c623cf2051edfbaa9a00bf0,TRUE,TRUE,55396,8313,articlemeta_fulltexts_html,http://www.scielo.br/j/rbcsoc/a/fRYMx35Dvbxw5jmMtpp4Sgb/?lang=pt,2026-06-04T00:31:47Z,972,0,,PASS,exclude_pilot_175,exclude_analysis_ledger_journals_and_articles,journal_year_pid_with_lua_nova_last
3458,S0102-69092021000200511,O PÓS-ESTRUTURALISMO SISTÊMICO DE NIKLAS LUHMANN,NIKLAS LUHMANN'S SYSTEMIC POST-STRUCTURALISM,Léo Peixoto Rodrigues; Everton Garcia da Costa,2021,1806-9053,Revista Brasileira de Ciências Sociais,10.1590/3610609/2021,research-article,pt,data/processed/fulltext_corpus/article_texts_corpus.csv,TRUE,body_text,data/processed/credibility_prompt_v3_full_corpus/task_packets/3458_S0102-69092021000200511.md,3d279a4e31deae016320d2277e795fc3487b659b17b5e0bd90eeb36b044d0625,8cfa597ded1d5a3730788c64f13063f944b1191d44a9f78882ae66f8799f4748,TRUE,TRUE,61468,9129,articlemeta_fulltexts_html,http://www.scielo.br/j/rbcsoc/a/8b8N5pqvzW7Zk8Dqp5WBrWk/?lang=pt,2026-06-04T00:31:47Z,866,0,,PASS,exclude_pilot_175,exclude_analysis_ledger_journals_and_articles,journal_year_pid_with_lua_nova_last
3459,S0102-69092021000200512,PUXANDO A FUMAÇA E SOLTANDO PRO AR Consagração e silêncio em Pixinguinha e Dorival Caymmi,INHALING AND RELEASING SMOKE: CONSECRATION AND SILENCE IN PIXINGUINHA AND DORIVAL CAYMMI,Vítor Queiroz; Rafael do Nascimento Cesar,2021,0102-6909,Revista Brasileira de Ciências Sociais,10.1590/3610606/2021,research-article,pt,data/processed/fulltext_corpus/article_texts_corpus.csv,TRUE,body_text,data/processed/credibility_prompt_v3_full_corpus/task_packets/3459_S0102-69092021000200512.md,3fd62767e0f50c48207e84ff5ae1717797b3e0497042aa836a3751f53a399685,f660f1346c0e54a544e78c442853f8ae09837d5599f9a4e47034f0f850a92b23,TRUE,TRUE,49411,7753,articlemeta_fulltexts_html,http://www.scielo.br/j/rbcsoc/a/X3hdg66WBcJJxVB69kJkQyN/?lang=pt,2026-06-04T00:31:48Z,1024,0,,PASS,exclude_pilot_175,exclude_analysis_ledger_journals_and_articles,journal_year_pid_with_lua_nova_last
3460,S0102-69092021000200513,O NEGACIONISMO NA OPOSIÇÃO DE JAIR BOLSONARO À COMISSÃO NACIONAL DA VERDADE,NEGATIONISM IN JAIR BOLSONARO'S OPPOSITION TO THE NATIONAL TRUTH COMMISSION,Pablo Emanuel Romero Almada,2021,1806-9053,Revista Brasileira de Ciências Sociais,10.1590/3610608/2021,research-article,pt,data/processed/fulltext_corpus/article_texts_corpus.csv,TRUE,body_text,data/processed/credibility_prompt_v3_full_corpus/task_packets/3460_S0102-69092021000200513.md,f1d38a4b7dfe05a1df417f06025946e5c1f4924bbb2f10e4d3fcf16c0d732666,d96e93739d1f5eca369f232c733dea12a0e526c57f257e4fc246261dd3ca1886,TRUE,TRUE,55653,8566,articlemeta_fulltexts_html,http://www.scielo.br/j/rbcsoc/a/CZWVW6TYjyzGpPnYG9Nnyfr/?lang=pt,2026-06-04T00:31:48Z,841,0,,PASS,exclude_pilot_175,exclude_analysis_ledger_journals_and_articles,journal_year_pid_with_lua_nova_last
3461,S0102-69092021000200514,O QUADRANTE VAZIO Estilos de campanhas eleitorais digitais nas eleições para deputados distritais em 2018,THE EMPTY QUADRANT: STYLES OF DIGITAL ELECTORAL CAMPAIGNS IN ELECTIONS FOR DISTRICT DEPUTIES IN 2018,Marisa von Bülow; Igor Brandão,2021,0102-6909,Revista Brasileira de Ciências Sociais,10.1590/3610613/2021,research-article,pt,data/processed/fulltext_corpus/article_texts_corpus.csv,TRUE,body_text,data/processed/credibility_prompt_v3_full_corpus/task_packets/3461_S0102-69092021000200514.md,64496a91c3eb5c6da8d3e23882a2e87c084b417531c79422cf438ab3d3a7489c,7211b4de020dfb2cd67feeeaab232839cd234a1a85834899af01e9e32fe5093d,TRUE,TRUE,49831,7532,articlemeta_fulltexts_html,http://www.scielo.br/j/rbcsoc/a/GSbXNp577JTcrSwWNTMXzvd/?lang=pt,2026-06-04T00:31:49Z,1016,0,,PASS,exclude_pilot_175,exclude_analysis_ledger_journals_and_articles,journal_year_pid_with_lua_nova_last
3462,S0102-69092021000300501,&#8220;LIBERAL NA ECONOMIA E CONSERVADOR NOS COSTUMES&#8221; Uma totalidade dialética,&#8220;LIBERAL IN THE ECONOMY AND CONSERVATIVE IN COSTUMES&#8221;: a dialectical totality,Ivan Henrique de Mattos e Silva,2021,1806-9053,Revista Brasileira de Ciências Sociais,10.1590/3610702/2021,research-article,pt,data/processed/fulltext_corpus/article_texts_corpus.csv,TRUE,body_text,data/processed/credibility_prompt_v3_full_corpus/task_packets/3462_S0102-69092021000300501.md,6a9777d9423c3328f59f8930c2c7477993d58cce744557d89adc5677934daadb,9bc98b8118bd58c91e608864730f8fcf3024e2ec2695aa91d71b16b5b44dac44,TRUE,TRUE,62133,9193,articlemeta_fulltexts_html,http://www.scielo.br/j/rbcsoc/a/gm56SyjkxQcyZrCZWs7rG7v/?lang=pt,2026-06-04T00:31:49Z,933,0,,PASS,exclude_pilot_175,exclude_analysis_ledger_journals_and_articles,journal_year_pid_with_lua_nova_last
3463,S0102-69092021000300502,MUITO ALÉM DO MÍNIMO: por que os municípios brasileiros alocam suas próprias receitas para a saúde?,MUCH BEYOND THE MINIMUM why do brazilian municipalities overallocate their own revenues to healthcare?,José Angelo Machado; Guilherme Quaresma; Carmem E. Leitão Araújo,2021,0102-6909,Revista Brasileira de Ciências Sociais,10.1590/3610700/2021,research-article,en,data/processed/fulltext_corpus/article_texts_corpus.csv,TRUE,body_text,data/processed/credibility_prompt_v3_full_corpus/task_packets/3463_S0102-69092021000300502.md,914578c594801cd67059e3cf1816001b9491d5dfed095c6f2bc0a1bb52e4deeb,14366993a108574246710f590c927c172436149672fd6de5f46a3db59f11ccb1,TRUE,TRUE,57313,8660,articlemeta_fulltexts_html,http://www.scielo.br/j/rbcsoc/a/FfzJrT7FtZGnf58VzDDDngS/?lang=en,2026-06-04T00:31:49Z,1009,0,,PASS,exclude_pilot_175,exclude_analysis_ledger_journals_and_articles,journal_year_pid_with_lua_nova_last
3464,S0102-69092021000300503,COMPARANDO ESTRUTURAS E PROCESSOS ORÇAMENTÁRIOS: OS CASOS DE PARIS E SÃO PAULO,COMPARING BUDGETARY STRUCTURES AND PROCESSES The cases of Paris and São Paulo,Ursula Dias Peres; Camille Allé,2021,1806-9053,Revista Brasileira de Ciências Sociais,10.1590/3610701/2021,research-article,en,data/processed/fulltext_corpus/article_texts_corpus.csv,TRUE,body_text,data/processed/credibility_prompt_v3_full_corpus/task_packets/3464_S0102-69092021000300503.md,15830f1399269fba19c22b57048b73285eba13818a288c8f985336a760ba4206,4dc4b6d685cc9feb717f8fe9983a3f1398310d2e0758edca3e08e8fa11109a89,TRUE,TRUE,64554,9777,articlemeta_fulltexts_html,http://www.scielo.br/j/rbcsoc/a/8hpMC9Mcr3PvyRSzXpRhhdC/?lang=en,2026-06-04T00:31:50Z,1050,0,,PASS,exclude_pilot_175,exclude_analysis_ledger_journals_and_articles,journal_year_pid_with_lua_nova_last
3465,S0102-69092021000300504,"ANTROPOLOGIA, CIÊNCIA, ENGAJAMENTO José Loureiro Fernandes e os sentidos da atividade intelectual","ANTHROPOLOGY, SCIENCE, ENGAGEMENT: José Loureiro Fernandes and the meanings of intellectual activity",Paulo Guérios,2021,1806-9053,Revista Brasileira de Ciências Sociais,10.1590/3610708/2021,research-article,pt,data/processed/fulltext_corpus/article_texts_corpus.csv,TRUE,body_text,data/processed/credibility_prompt_v3_full_corpus/task_packets/3465_S0102-69092021000300504.md,05e59c3f073bdd603a3aab71d6ccf6d8189be9667124e17e7c6bd1351961cdb9,5190f402532fd868f6746f59ccdcd027c864e0a968e55815d862f071ffba8f25,TRUE,TRUE,65552,10083,articlemeta_fulltexts_html,http://www.scielo.br/j/rbcsoc/a/RfLBLNDGZLNVq6hCt4dBkWH/?lang=pt,2026-06-04T00:31:51Z,1302,0,,PASS,exclude_pilot_175,exclude_analysis_ledger_journals_and_articles,journal_year_pid_with_lua_nova_last
3466,S0102-69092021000300505,A TRANSVERSALIDADE ENTRE CIÊNCIAS SOCIAIS E ÁREAS TECNOLÓGICAS: por uma ecologia das práticas na política científica nacional,THE TRANSVERSALITY BETWEEN SOCIAL SCIENCES AND TECHNOLOGICAL AREAS: FOR AN ECOLOGY OF PRACTICES IN NATIONAL SCIENTIFIC POLICY,Catarina Morawska; Ana Cecília Campos; Bruno Campos Cardoso; Carlos Paulino,2021,1806-9053,Revista Brasileira de Ciências Sociais,10.1590/3610704/2021,research-article,pt,data/processed/fulltext_corpus/article_texts_corpus.csv,TRUE,body_text,data/processed/credibility_prompt_v3_full_corpus/task_packets/3466_S0102-69092021000300505.md,534ea627f7352e02e4210b2faaafd9bdc624bff9396e640d9f9dd7b63984a535,3938440fc80200ba908a9ac78ccca29625a43c064b68fc7ca43ef090df366d46,TRUE,TRUE,54039,8002,articlemeta_fulltexts_html,http://www.scielo.br/j/rbcsoc/a/vSmgh8qmvtGZBgZNMxZh9Vy/?lang=pt,2026-06-04T00:31:51Z,1546,0,,PASS,exclude_pilot_175,exclude_analysis_ledger_journals_and_articles,journal_year_pid_with_lua_nova_last
3467,S0102-69092021000300506,POLÍTICA EXTERNA BRASILEIRA PARA O SAARA OCIDENTAL: pragmatismo e ruptura,PRAGMATISM AND BREACH IN BRAZILIAN FOREIGN POLICY FOR WESTERN SAHARA,Adriano Alberto Smolarek; João Irineu de Resende Miranda,2021,0102-6909,Revista Brasileira de Ciências Sociais,10.1590/3610705/2021,research-article,pt,data/processed/fulltext_corpus/article_texts_corpus.csv,TRUE,body_text,data/processed/credibility_prompt_v3_full_corpus/task_packets/3467_S0102-69092021000300506.md,16cad9379b291d65fa106e52b6394cc3c45b05c0f3bbc00dd93a5737159b5511,f679822907e7939bd3180699d18954c821bf7e4365820b97f3a77b0912895bac,TRUE,TRUE,52332,8066,articlemeta_fulltexts_html,http://www.scielo.br/j/rbcsoc/a/Qmzp8hBbbKcZbqyNfrH5gYf/?lang=pt,2026-06-04T00:31:51Z,1101,0,,PASS,exclude_pilot_175,exclude_analysis_ledger_journals_and_articles,journal_year_pid_with_lua_nova_last
3468,S0102-69092021000300507,IGREJA COMO PARTIDO a relação entre a Igreja Universal do Reino de Deus e o Republicanos,THE CHURCH AS A PARTY: THE RELATIONSHIP BETWEEN THE UNIVERSAL CHURCH OF THE KINGDOM OF GOD AND REPUBLICANS,Claudia Cerqueira,2021,1806-9053,Revista Brasileira de Ciências Sociais,10.1590/3610703/2021,research-article,pt,data/processed/fulltext_corpus/article_texts_corpus.csv,TRUE,body_text,data/processed/credibility_prompt_v3_full_corpus/task_packets/3468_S0102-69092021000300507.md,4fd86e098a3ea24441bb26d3eda4ddebd414c45971d815f35fc224e604356602,14f467db98eb6a427a21f4f691e467ceeed96815bae3c2e91c3feb39b1ccade8,TRUE,TRUE,59713,9231,articlemeta_fulltexts_html,http://www.scielo.br/j/rbcsoc/a/YWZWKnDk6LwvPpbSZ3PRnVQ/?lang=pt,2026-06-04T00:31:51Z,1293,0,,PASS,exclude_pilot_175,exclude_analysis_ledger_journals_and_articles,journal_year_pid_with_lua_nova_last
3469,S0102-69092021000300508,O POPULISMO NO BRASIL (1985-2019) Um velho conceito a partir de uma nova abordagem,POPULISM IN BRAZIL (1985-2019): an old concept from a new approach,Paolo Ricci; Mauricio Izumi; Davi Moreira,2021,1806-9053,Revista Brasileira de Ciências Sociais,10.1590/3610707/2021,research-article,pt,data/processed/fulltext_corpus/article_texts_corpus.csv,TRUE,body_text,data/processed/credibility_prompt_v3_full_corpus/task_packets/3469_S0102-69092021000300508.md,c659f096f1a44a3e366d8a068f5b4795ec4b416b3aefb586cb56d4530cc1c2ad,da371305c4b1bde7569299b7fde444a7bd3a34d6f4cc1c0f6a0f2c4527e2bf50,TRUE,TRUE,46583,7239,articlemeta_fulltexts_html,http://www.scielo.br/j/rbcsoc/a/nHwmRRJRkWCv7XJVRc3nWsj/?lang=pt,2026-06-04T00:31:52Z,789,0,,PASS,exclude_pilot_175,exclude_analysis_ledger_journals_and_articles,journal_year_pid_with_lua_nova_last
3470,S0102-69092021000300509,A TRADUÇÃO DE LIVROS DE CIÊNCIAS SOCIAIS NO BRASIL: uma análise das publicações da Zahar Editores (1957-1984),THE TRANSLATION OF SOCIAL SCIENCE BOOKS IN BRAZIL: AN ANALYSIS OF ZAHAR EDITORES PUBLICATIONS (1957-1984),Leonardo Nóbrega,2021,0102-6909,Revista Brasileira de Ciências Sociais,10.1590/3610710/2021,research-article,pt,data/processed/fulltext_corpus/article_texts_corpus.csv,TRUE,body_text,data/processed/credibility_prompt_v3_full_corpus/task_packets/3470_S0102-69092021000300509.md,c7833a35c21a1224c242464d6bc9ab99ddc95628bb69105f917b5caeb79b7e2f,f070e09c2272b3aae5e2c1fda2d76404194e6869f3bba8eca6be3021998167c9,TRUE,TRUE,49837,7578,articlemeta_fulltexts_html,http://www.scielo.br/j/rbcsoc/a/gZQwQzbcpvMw4KC4mPRfSgf/?lang=pt,2026-06-04T00:31:52Z,944,0,,PASS,exclude_pilot_175,exclude_analysis_ledger_journals_and_articles,journal_year_pid_with_lua_nova_last
3471,S0102-69092021000300510,TRABALHANDO SEM A FORD: política industrial e ação corporativa em São Bernardo do Campo,WORKING WITHOUT FORD: INDUSTRIAL POLICY AND CORPORATE ACTION IN SÃO BERNARDO DO CAMPO,Raphael Jonathas da Costa Lima; João Assis Dulci,2021,1806-9053,Revista Brasileira de Ciências Sociais,10.1590/3610709/2021,research-article,pt,data/processed/fulltext_corpus/article_texts_corpus.csv,TRUE,body_text,data/processed/credibility_prompt_v3_full_corpus/task_packets/3471_S0102-69092021000300510.md,a1e15f947cc92b908cf97c47c018993bedbd24ff3a351a16f4d323f140b4d9b4,e9a2dbe18120ff1efb20ce9b4eb331d4f0674358cc2b7516f05af573fb98d97c,TRUE,TRUE,50350,7997,articlemeta_fulltexts_html,http://www.scielo.br/j/rbcsoc/a/39KFKrh4JVzZ4zZVG8sxF3y/?lang=pt,2026-06-04T00:31:53Z,1011,0,,PASS,exclude_pilot_175,exclude_analysis_ledger_journals_and_articles,journal_year_pid_with_lua_nova_last
3472,S0102-69092021000300511,HUMANITARISMO FORENSE ENTRE EXPERTISES TRANSNACIONAIS E TECNOLOGIAS DE GOVERNO: O caso da Vala de Perus,FORENSIC HUMANITARIANISM BETWEEN TRANSNATIONAL EXPERTISES AND GOVERNMENT TECHNOLOGIES: The case of the Peru&#8217;s ditch,Desirée de Lemos Azevedo,2021,0102-6909,Revista Brasileira de Ciências Sociais,10.1590/3610706/2021,research-article,pt,data/processed/fulltext_corpus/article_texts_corpus.csv,TRUE,body_text,data/processed/credibility_prompt_v3_full_corpus/task_packets/3472_S0102-69092021000300511.md,453dc52fa5096f325f7030a85f3571be3bd616bcd7197c57b13cece1a64cc999,03ef07888b8b3f74840f718317175db36964a23ebfbffa270efcf02abca95397,TRUE,TRUE,52358,7861,articlemeta_fulltexts_html,http://www.scielo.br/j/rbcsoc/a/53qQb9Tj8G53jNJdRqpV3HB/?lang=pt,2026-06-04T00:31:53Z,1024,0,,PASS,exclude_pilot_175,exclude_analysis_ledger_journals_and_articles,journal_year_pid_with_lua_nova_last
3473,S0102-69092021000300512,"ORIGEM DE CLASSE, GÊNERO E TRANSMISSÃO DAS DESIGUALDADES NO BRASIL","ORIGIN OF CLASS, GENDER AND TRANSMISSION OF INEQUALITIES IN BRAZIL",José Alcides Figueiredo Santos,2021,1806-9053,Revista Brasileira de Ciências Sociais,10.1590/3610711/2021,research-article,pt,data/processed/fulltext_corpus/article_texts_corpus.csv,TRUE,body_text,data/processed/credibility_prompt_v3_full_corpus/task_packets/3473_S0102-69092021000300512.md,a3e3ccf0ec0bda26f065d99357fda372b27b95113c74b7de96c0efc712ee28db,dbe6a4b01ab5d996bb18008bf28cb4b3d12d231330393f5da02b312d953893e0,TRUE,TRUE,84174,13265,articlemeta_fulltexts_html,http://www.scielo.br/j/rbcsoc/a/w4fKR4gcCr6V6S56wtXSgBf/?lang=pt,2026-06-04T00:31:53Z,1133,0,,PASS,exclude_pilot_175,exclude_analysis_ledger_journals_and_articles,journal_year_pid_with_lua_nova_last
3474,S0102-69092021000300513,A ÉTICA COTIDIANA DAS INTERRUPÇÕES EM TRAJETÓRIAS RELIGIOSAS PENTECOSTAIS,THE EVERYDAY ETHICS OF INTERRUPTIONS IN PENTECOSTAL RELIGIOUS TRAJECTORIES,Raphael Bispo,2021,1806-9053,Revista Brasileira de Ciências Sociais,10.1590/3610712/2021,research-article,pt,data/processed/fulltext_corpus/article_texts_corpus.csv,TRUE,body_text,data/processed/credibility_prompt_v3_full_corpus/task_packets/3474_S0102-69092021000300513.md,543111f9a62ab59e79f9a0e2fbc9041f8410a0731cc439da5b14ca9707010339,3cb56a8983ca9d42eb921b77dad3b83cbe79ff7a2894bfbc5c22e28ec4683c36,TRUE,TRUE,60770,9449,articlemeta_fulltexts_html,http://www.scielo.br/j/rbcsoc/a/KDRKtkWb7sGT7J3wxvbYZBN/?lang=pt,2026-06-04T00:31:54Z,1016,0,,PASS,exclude_pilot_175,exclude_analysis_ledger_journals_and_articles,journal_year_pid_with_lua_nova_last
3475,S0102-69092021000300514,A ANÁLISE TEXTUALISTA NA TEORIA POLÍTICA: o Thomas Hobbes de Leo Strauss,TEXTUALIST ANALYSIS IN POLITICAL THEORY: THE THOMAS HOBBES BY LEO STRAUSS,Ronaldo Tadeu de Souza,2021,1806-9053,Revista Brasileira de Ciências Sociais,10.1590/3610713/2021,research-article,pt,data/processed/fulltext_corpus/article_texts_corpus.csv,TRUE,body_text,data/processed/credibility_prompt_v3_full_corpus/task_packets/3475_S0102-69092021000300514.md,f648a701604615c070976e6744a2d78f12491930d45434459f1d3f222dd27205,fa85f02b182772ca905c3895d6d480e46f965410d45b7f9021739364e18af9e6,TRUE,TRUE,63413,9958,articlemeta_fulltexts_html,http://www.scielo.br/j/rbcsoc/a/ZspZJSrk9ByjCSttGpMCL4q/?lang=pt,2026-06-04T00:31:54Z,428,0,,PASS,exclude_pilot_175,exclude_analysis_ledger_journals_and_articles,journal_year_pid_with_lua_nova_last
3476,S0102-69092022000100501,RETÓRICA DA AMEAÇA E SECURITIZAÇÃO: A política migratória dos Estados Unidos na administração Trump,THREAT RHETORIC AND SECURITIZATION: us immigration policy in the Trump administration,Flávio Contrera; Karina Lilia Pasquariello Mariano; Roberto Goulart Menezes,2022,0102-6909,Revista Brasileira de Ciências Sociais,10.1590/3710802/2022,research-article,pt,data/processed/fulltext_corpus/article_texts_corpus.csv,TRUE,body_text,data/processed/credibility_prompt_v3_full_corpus/task_packets/3476_S0102-69092022000100501.md,21683088efa04d8d14f89846ec288199bd002a31383a9aa24a2e6deafa773d1a,a089c708bb2862838d005b9f95c05ca3b0e1d95655eff9fad79bec1ab1d44c2b,TRUE,TRUE,75639,11527,articlemeta_fulltexts_html,http://www.scielo.br/j/rbcsoc/a/7Kw6bzhDWbhj7swD8kZQBnR/?lang=pt,2026-06-04T00:31:54Z,1114,0,,PASS,exclude_pilot_175,exclude_analysis_ledger_journals_and_articles,journal_year_pid_with_lua_nova_last
3477,S0102-69092022000100502,METAMORFOSES DA PREVENÇÃO: prevenindo condutas de risco na França,PREVENTION METAMORPHOSES: preventing risky behavior in France,Tiago Hyra Rodrigues,2022,1806-9053,Revista Brasileira de Ciências Sociais,10.1590/3710801/2022,research-article,pt,data/processed/fulltext_corpus/article_texts_corpus.csv,TRUE,body_text,data/processed/credibility_prompt_v3_full_corpus/task_packets/3477_S0102-69092022000100502.md,8124f8d7a54e43ef515986345489d081b6ed259631745222d88663ab03e17401,bd8397ea123964538c6801d9c0d4f7a939fffe82bca48bf38d0b1563004274f7,TRUE,TRUE,60033,9185,articlemeta_fulltexts_html,http://www.scielo.br/j/rbcsoc/a/Wq3Krrd3G96TdMxy4PcHWzm/?lang=pt,2026-06-04T00:31:55Z,967,0,,PASS,exclude_pilot_175,exclude_analysis_ledger_journals_and_articles,journal_year_pid_with_lua_nova_last
3478,S0102-69092022000100503,ENTRE O POPULISMO CULTURAL E A DISTINÇÃO: Definições do &#8220;bem-morar&#8221; no Brasil contemporâneo,BETWEEN CULTURAL POPULISM AND DISTINCTION: definitions of &#8220;welfare&#8221; in contemporary Brazil,Carolina Pulici,2022,1806-9053,Revista Brasileira de Ciências Sociais,10.1590/3710800/2022,research-article,pt,data/processed/fulltext_corpus/article_texts_corpus.csv,TRUE,body_text,data/processed/credibility_prompt_v3_full_corpus/task_packets/3478_S0102-69092022000100503.md,5f9343ad799b9f02e022b0c7f265193c54a3c2cd5dddbd800262b34c949c3019,0b51c1bb99d1ce9e3057b8a0f1c9b83e2bcd455a1aff9faaade04703732ace16,TRUE,TRUE,49962,8022,articlemeta_fulltexts_html,http://www.scielo.br/j/rbcsoc/a/sGYrZvQKRGPSbtxPSjzQB5G/?lang=pt,2026-06-04T00:31:55Z,1092,0,,PASS,exclude_pilot_175,exclude_analysis_ledger_journals_and_articles,journal_year_pid_with_lua_nova_last
3479,S0102-69092022000100504,Violência política e eleitoral nas eleições municipais de 2020,Political and electoral violence in the 2020 municipal elections,Felipe Borba; Vinícius Israel; Miguel P. Carnevale; Pedro Bahia,2022,1806-9053,Revista Brasileira de Ciências Sociais,10.1590/3710803/2022,research-article,pt,data/processed/fulltext_corpus/article_texts_corpus.csv,TRUE,body_text,data/processed/credibility_prompt_v3_full_corpus/task_packets/3479_S0102-69092022000100504.md,8a5457d0e7482c14285a99ce2132d5aef6dec02ef557229fc5c741ca1bd71a75,11f7d2ea46a6869e65e2d9a7f38ea9b495d5d0580b7e715eae60efb6909c00db,TRUE,TRUE,46796,7239,articlemeta_fulltexts_html,http://www.scielo.br/j/rbcsoc/a/tjmdXJJJjJssjXZxWHvNsfx/?lang=pt,2026-06-04T00:31:56Z,813,0,,PASS,exclude_pilot_175,exclude_analysis_ledger_journals_and_articles,journal_year_pid_with_lua_nova_last
3480,S0102-69092022000100505,"Saber acadêmico, guerra cultural e a emergência das ciências policiais no Brasil","Academic knowledge, cultural war and the emergence of police science in Brazil",Renato Sérgio de Lima; Francisco Thiago Rocha Vasconcelos; Fernando Ressetti Pinheiro Marques Vianna; Rafael Alcadipani,2022,1806-9053,Revista Brasileira de Ciências Sociais,10.1590/3710805/2022,research-article,pt,data/processed/fulltext_corpus/article_texts_corpus.csv,TRUE,body_text,data/processed/credibility_prompt_v3_full_corpus/task_packets/3480_S0102-69092022000100505.md,95202fbcbf52c0bd9dbf8e767b23d04995ef60b85a25ed01c2db15c3fdf4f22b,0e87ef0cdcebea5f4224d1d5d3781107e1ae4db94c3fe892f615caf2e51d50ca,TRUE,TRUE,62798,9442,articlemeta_fulltexts_html,http://www.scielo.br/j/rbcsoc/a/hCRdQPxtyy6rStbWCRGmY6N/?lang=pt,2026-06-04T00:31:56Z,1375,0,,PASS,exclude_pilot_175,exclude_analysis_ledger_journals_and_articles,journal_year_pid_with_lua_nova_last
3481,S0102-69092022000100506,SISTEMAS ALIMENTARES EM DISPUTA: respostas dos movimentos sociais à pandemia Covid-19,DISPUTING FOOD SYSTEMS: RESPONSES OF SOCIAL MOVEMENTS TO THE COVID-19 PANDEMIC,Priscila Delgado de Carvalho; Marco Antonio Teixeira; Renata Motta; Camila Penna,2022,0102-6909,Revista Brasileira de Ciências Sociais,10.1590/3710808/2022,research-article,pt,data/processed/fulltext_corpus/article_texts_corpus.csv,TRUE,body_text,data/processed/credibility_prompt_v3_full_corpus/task_packets/3481_S0102-69092022000100506.md,46dc0b82e856cb97ae624426efe99402a1f6fa9c84a546b699b3160c8c7b35ba,f3e93e68595a6629ce34f1dde461ffa2219ee0afb33981ae282b0d001eba183c,TRUE,TRUE,52150,7865,articlemeta_fulltexts_html,http://www.scielo.br/j/rbcsoc/a/ssdXH5x8kNnCDkD8kQZxQyr/?lang=pt,2026-06-04T00:31:57Z,913,0,,PASS,exclude_pilot_175,exclude_analysis_ledger_journals_and_articles,journal_year_pid_with_lua_nova_last
3482,S0102-69092022000100507,UM JUDICIÁRIO PARA UM REGIME AUTORITÁRIO: os projetos de reforma judicial na década de 1930,A JUDICIARY FOR AN AUTHORITARIAN REGIME: JUDICIAL REFORM IN THE 1930S,Maria Pia Guerra,2022,1806-9053,Revista Brasileira de Ciências Sociais,10.1590/3710806/2022,research-article,pt,data/processed/fulltext_corpus/article_texts_corpus.csv,TRUE,body_text,data/processed/credibility_prompt_v3_full_corpus/task_packets/3482_S0102-69092022000100507.md,9a8efecb27aa59a6a1c9fcd81933f79337ea180611258b66e4fff7acb450a316,bc76004253e68635fe9ead710f18f6e1f12f38277f944a1b86ff640e62506b1f,TRUE,TRUE,49518,7368,articlemeta_fulltexts_html,http://www.scielo.br/j/rbcsoc/a/9MgZfp6bLwcdMcnmMGzYQbn/?lang=pt,2026-06-04T00:31:57Z,1360,0,,PASS,exclude_pilot_175,exclude_analysis_ledger_journals_and_articles,journal_year_pid_with_lua_nova_last
3483,S0102-69092022000100508,Os policiais das UPPs e a crise permanente da segurança pública no Rio de Janeiro,UPP officers and the permanent public safety crisis in Rio de Janeiro,Márcio Grijó Vilarouca; Ludmila Ribeiro; Palloma Menezes,2022,1806-9053,Revista Brasileira de Ciências Sociais,10.1590/3710804/2022,research-article,pt,data/processed/fulltext_corpus/article_texts_corpus.csv,TRUE,body_text,data/processed/credibility_prompt_v3_full_corpus/task_packets/3483_S0102-69092022000100508.md,80a6cfd48bf68f52a426bc1507e5a09bc30926189ed9e9dac336c48352495b93,fabebf65c0d4edca23984905d79fca697d924e97d1639504f0b38b4502ae3cc9,TRUE,TRUE,69061,10899,articlemeta_fulltexts_html,http://www.scielo.br/j/rbcsoc/a/gpxsQDGFMk74ZD3P7pQxtPh/?lang=pt,2026-06-04T00:31:57Z,766,0,,PASS,exclude_pilot_175,exclude_analysis_ledger_journals_and_articles,journal_year_pid_with_lua_nova_last
3484,S0102-69092022000100509,O ESPÍRITO E O LUGAR: SOBRE O SIGNIFICADO DA &#8220;NOSSA REVOLUÇÃO&#8221; EM RAÍZES DO BRASIL (1936),THE SPIRIT AND THE PLACE: ON THE MEANING OF &#8220;OUR REVOLUTION&#8221; IN RAÍZES DO BRASIL (1936),André Jobim Martins,2022,0102-6909,Revista Brasileira de Ciências Sociais,10.1590/3710807/2022,research-article,pt,data/processed/fulltext_corpus/article_texts_corpus.csv,TRUE,body_text,data/processed/credibility_prompt_v3_full_corpus/task_packets/3484_S0102-69092022000100509.md,8ff5f0f354a8b561e8af1acc3d62da3cdfdc2894e93beef5370d4c6d366da40c,0d77ce7b6edacb63e91840b85e2b36cacd1c8b810dbf12edc8ebd0b33206f8f2,TRUE,TRUE,81080,12703,articlemeta_fulltexts_html,http://www.scielo.br/j/rbcsoc/a/VW656HZCBq8mbvrJMsM8hdd/?lang=pt,2026-06-04T00:31:58Z,783,0,,PASS,exclude_pilot_175,exclude_analysis_ledger_journals_and_articles,journal_year_pid_with_lua_nova_last
3485,S0102-69092022000100510,METAMORFOSES DO AMARELO: A IMIGRAÇÃO JAPONESA DO &#8220;PERIGO AMARELO&#8221; À &#8220;DEMOCRACIA RACIAL&#8221;,METAMORPHOSIS OF THE YELLOW: JAPANESE IMMIGRATION FROM &#8220;YELLOW PERIL&#8221; TO &#8220;RACIAL DEMOCRACY&#8221;,Bruno Naomassa Hayashi,2022,1806-9053,Revista Brasileira de Ciências Sociais,10.1590/3710809/2022,research-article,pt,data/processed/fulltext_corpus/article_texts_corpus.csv,TRUE,body_text,data/processed/credibility_prompt_v3_full_corpus/task_packets/3485_S0102-69092022000100510.md,c6141db4323553d246671c34a59a11f0d30640d9f0da1d0f30f48c9a2c94430e,638e0a460ca81510d578beef45b612840f6f838f6cda8791076471e73ca17d15,TRUE,TRUE,60936,9497,articlemeta_fulltexts_html,http://www.scielo.br/j/rbcsoc/a/rwcjGxPCjyMvdTxyPbdrRxG/?lang=pt,2026-06-04T00:31:59Z,1000,0,,PASS,exclude_pilot_175,exclude_analysis_ledger_journals_and_articles,journal_year_pid_with_lua_nova_last
3486,S0102-69092022000100511,Animais domesticados e desastres: entre a preocupação sanitária e humanitária,Animais domesticados e desastres: entre a preocupação sanitária e humanitária,Ana Paula Perrota,2022,1806-9053,Revista Brasileira de Ciências Sociais,10.1590/3710811/2022,research-article,pt,data/processed/fulltext_corpus/article_texts_corpus.csv,TRUE,body_text,data/processed/credibility_prompt_v3_full_corpus/task_packets/3486_S0102-69092022000100511.md,ae82f90fd89ee659d0b887fdd05d288f43a07beb88b83a2156c49f6f19804252,6baeff31be35d0ec00be5520ac3dd4581540a6753d08ff21d4bf674e83410fff,TRUE,TRUE,62752,9762,articlemeta_fulltexts_html,http://www.scielo.br/j/rbcsoc/a/vZNJrpCRLytj9dp6vxC5Xwm/?lang=pt,2026-06-04T00:31:59Z,1044,0,,PASS,exclude_pilot_175,exclude_analysis_ledger_journals_and_articles,journal_year_pid_with_lua_nova_last
3487,S0102-69092022000100512,UMA SUCESSÃO DE MAL-ENTENDIDOS? Richard Morse e seus leitores mexicanos e brasileiros,A SUCCESSION OF MISUNDERSTANDINGS? RICHARD MORSE AND HIS MEXICAN AND BRAZILIAN READERS,Bernardo Ricupero,2022,1806-9053,Revista Brasileira de Ciências Sociais,10.1590/3710810/2022,research-article,pt,data/processed/fulltext_corpus/article_texts_corpus.csv,TRUE,body_text,data/processed/credibility_prompt_v3_full_corpus/task_packets/3487_S0102-69092022000100512.md,594a32d989e40fc4239af697b83ef4f2a7f131280de090a1d783f984eeaa8a27,b2750842e2c94d7406e3cba23413ed5e40639cc9d615312b51ad2bf3d2efba46,TRUE,TRUE,52353,8111,articlemeta_fulltexts_html,http://www.scielo.br/j/rbcsoc/a/8Vhrqnznm9Kmv8qCrYkS3Qb/?lang=pt,2026-06-04T00:31:59Z,1383,0,,PASS,exclude_pilot_175,exclude_analysis_ledger_journals_and_articles,journal_year_pid_with_lua_nova_last
3488,S0102-69092022000200501,As articulações franco-brasileiras na formação da sociologia do trabalho no Brasil (1950 &#8211; 1960),Franco-Brazilian articulations in the formation of the sociology of work in Brazil (1950 &#8211; 1960),Ricardo Colturato Festi,2022,0102-6909,Revista Brasileira de Ciências Sociais,10.1590/3710901/2022,research-article,pt,data/processed/fulltext_corpus/article_texts_corpus.csv,TRUE,body_text,data/processed/credibility_prompt_v3_full_corpus/task_packets/3488_S0102-69092022000200501.md,134e677f3b1eea8c71f512cec8958eea4378bfac0520b37e461af6252e0e3528,4685765f9dc4bebf8358f4831912c4b829625d996e0ec34cbae74b2f4d251115,TRUE,TRUE,49342,7567,articlemeta_fulltexts_html,http://www.scielo.br/j/rbcsoc/a/z3MGZyXKKYgSpKFCshZzXSy/?lang=pt,2026-06-04T00:31:59Z,922,0,,PASS,exclude_pilot_175,exclude_analysis_ledger_journals_and_articles,journal_year_pid_with_lua_nova_last
3489,S0102-69092022000200502,Trabalho e sindicalismo na indústria &#8211; Poder institucional e social em contexto de crise e pandemia,Labor and industrial trade unionism - institutional and social power in the context of the pandemic,José Ricardo Ramalho,2022,0102-6909,Revista Brasileira de Ciências Sociais,10.1590/3710903/2022,research-article,pt,data/processed/fulltext_corpus/article_texts_corpus.csv,TRUE,body_text,data/processed/credibility_prompt_v3_full_corpus/task_packets/3489_S0102-69092022000200502.md,64eda93084cfa525784fe09a5d9adb52be72805855ae5e801d352e6598de30dc,e5b1391b2f3b5b578fc9d30ac5525ff9067a8051124ff722014a8a12b9b7d608,TRUE,TRUE,39944,6005,articlemeta_fulltexts_html,http://www.scielo.br/j/rbcsoc/a/wTY8pt8zScJ59xrPS6TDz8C/?lang=pt,2026-06-04T00:32:00Z,1209,0,,PASS,exclude_pilot_175,exclude_analysis_ledger_journals_and_articles,journal_year_pid_with_lua_nova_last
3490,S0102-69092022000200503,Histórias de quem quer fugir e de quem quer ficar: laços comunitários nas cambiantes periferias de São Paulo,Stories of those who want to flee and those who want to stay: community ties in the changing peripheries of São Paulo,Leonardo de Oliveira Fontes,2022,1806-9053,Revista Brasileira de Ciências Sociais,10.1590/3710902/2022,research-article,pt,data/processed/fulltext_corpus/article_texts_corpus.csv,TRUE,body_text,data/processed/credibility_prompt_v3_full_corpus/task_packets/3490_S0102-69092022000200503.md,55c2fe7b58c218ecdcbcf23ba8899b76e6bea23da50bea4ffcb2f30d9c533327,5f93151a9d63dc2a31b9784c35a9a17f141818ec0f4b93fe47cccca8d0b19c1d,TRUE,TRUE,47550,7723,articlemeta_fulltexts_html,http://www.scielo.br/j/rbcsoc/a/Vr7NMxNq8wb7xm4d8N6pYVg/?lang=pt,2026-06-04T00:32:00Z,1218,0,,PASS,exclude_pilot_175,exclude_analysis_ledger_journals_and_articles,journal_year_pid_with_lua_nova_last
3491,S0102-69092022000200504,Política editorial e controvérsia científica em Estudos Agrários*,Editorial policy and scientific controversies in Agrarian Studies,Joaquim A. P. Pinheiro; Fabrício M. Neves,2022,1806-9053,Revista Brasileira de Ciências Sociais,10.1590/3710905/2022,research-article,pt,data/processed/fulltext_corpus/article_texts_corpus.csv,TRUE,body_text,data/processed/credibility_prompt_v3_full_corpus/task_packets/3491_S0102-69092022000200504.md,67fb21d66b21ddcca02e92b84f217ced244b4dbfc026c51e1b468f4f9389c9d4,4c29854e47e05f80c841bf8118eed18236414229a69bee9f8be6f2611332d115,TRUE,TRUE,45869,6963,articlemeta_fulltexts_html,http://www.scielo.br/j/rbcsoc/a/gnrnyyhN7jxJXNcyX46J6Cb/?lang=pt,2026-06-04T00:32:00Z,1292,0,,PASS,exclude_pilot_175,exclude_analysis_ledger_journals_and_articles,journal_year_pid_with_lua_nova_last
3492,S0102-69092022000200505,A TOTALIDADE NEOLIBERAL-FUJIMORISTA: ESTIGMATIZAÇÃO E COLONIALIDADE NO PERU CONTEMPORÂNEO,NEOLIBERAL-FUJIMORISTA TOTALITY: STIGMATISATION AND COLONIALITY IN CONTEMPORARY PERU,Fernando Velásquez Villalba,2022,0102-6909,Revista Brasileira de Ciências Sociais,10.1590/3710906/2022,research-article,pt,data/processed/fulltext_corpus/article_texts_corpus.csv,TRUE,body_text,data/processed/credibility_prompt_v3_full_corpus/task_packets/3492_S0102-69092022000200505.md,a316f1d33a95df26713a61df23ac33e942bcf01e5a3637491cb0869b0f716d06,1c44379fe786320636ef2004c7d80f761fc95012842b119faa695169eabe4103,TRUE,TRUE,52969,8066,articlemeta_fulltexts_html,http://www.scielo.br/j/rbcsoc/a/gL6vVVdtrphxHhmz9QWypqr/?lang=pt,2026-06-04T00:32:01Z,1029,0,,PASS,exclude_pilot_175,exclude_analysis_ledger_journals_and_articles,journal_year_pid_with_lua_nova_last
3493,S0102-69092022000200506,"&#8220;É bloqueio de sinal&#8221;: monitoramento eletrônico, punição e autoridade sociotécnica","&#8220;It&#8217;s signal blocking&#8221;: electronic monitoring, punishment and sociotechnical authority",Ricardo Urquizas Campello; Marcos César Alvarez,2022,1806-9053,Revista Brasileira de Ciências Sociais,10.1590/3710909/2022,research-article,pt,data/processed/fulltext_corpus/article_texts_corpus.csv,TRUE,body_text,data/processed/credibility_prompt_v3_full_corpus/task_packets/3493_S0102-69092022000200506.md,31148ed4a2d32fbb07df12d960f8e9f038c71bd18476ce08e3095154cd3a8547,0848123f84aed59f475813537d7297a6d27300dc896a5f24436c84a78ee8c08b,TRUE,TRUE,45620,6754,articlemeta_fulltexts_html,http://www.scielo.br/j/rbcsoc/a/yScsmYdB6YLnd3xMxcjbQrL/?lang=pt,2026-06-04T00:32:01Z,1007,0,,PASS,exclude_pilot_175,exclude_analysis_ledger_journals_and_articles,journal_year_pid_with_lua_nova_last
3494,S0102-69092022000200507,"Por uma reconstrução sociológica da categoria &#8220;globalização&#8221;: depuração conceitual, contextualização e abordagem processual de longo prazo","For a sociological reconstruction of the scientific category of &#8216;globalization&#8217;: conceptualization, contextualization and articulation to a broader perspective",Alexandre Abdal,2022,0102-6909,Revista Brasileira de Ciências Sociais,10.1590/3710908/2022,research-article,pt,data/processed/fulltext_corpus/article_texts_corpus.csv,TRUE,body_text,data/processed/credibility_prompt_v3_full_corpus/task_packets/3494_S0102-69092022000200507.md,3ae064778427be47cd46ce33d285b1286c10acd15812733c79e078a09fa672bc,5999b08be09f4f32b659a36b50149972c13325fe475dd24ef6532108435d46c5,TRUE,TRUE,54975,8012,articlemeta_fulltexts_html,http://www.scielo.br/j/rbcsoc/a/qBGPTdwnCkqTXkDy7yvfRpP/?lang=pt,2026-06-04T00:32:01Z,1110,0,,PASS,exclude_pilot_175,exclude_analysis_ledger_journals_and_articles,journal_year_pid_with_lua_nova_last
3495,S0102-69092022000200508,A JUSTIÇA JUVENIL ENTRE O BEM-ESTAR E A TUTELA Proximidades e diferenças entre Inglaterra e Brasil,Youth justice between welfare and tutelage: similarities and differences between England and Brazil,Liana de Paula,2022,1806-9053,Revista Brasileira de Ciências Sociais,10.1590/3710907/2022,research-article,pt,data/processed/fulltext_corpus/article_texts_corpus.csv,TRUE,body_text,data/processed/credibility_prompt_v3_full_corpus/task_packets/3495_S0102-69092022000200508.md,a70f7700921b2e3bd3afa3c752f3a66fbaeea97f7319b6117dfe8aee80849cfb,d3cdc5f02e439c079248912dbf11ed759af0639f66e291d58468213701cae664,TRUE,TRUE,50785,7860,articlemeta_fulltexts_html,http://www.scielo.br/j/rbcsoc/a/Vbr77STvbYMdpRQQBvjD9Ff/?lang=pt,2026-06-04T00:32:02Z,629,0,,PASS,exclude_pilot_175,exclude_analysis_ledger_journals_and_articles,journal_year_pid_with_lua_nova_last
3496,S0102-69092022000200509,Friend or foe? When political elites evaluate foreign leaders,Friend or foe? When political elites evaluate foreign leaders,José Manuel Rivas; Asbel Bohigues,2022,1806-9053,Revista Brasileira de Ciências Sociais,10.1590/3710904/2022,research-article,en,data/processed/fulltext_corpus/article_texts_corpus.csv,TRUE,body_text,data/processed/credibility_prompt_v3_full_corpus/task_packets/3496_S0102-69092022000200509.md,92b61d3abdea08bd78c838e4463c6ba35f674967648aa6e57651f33d9921c637,86281a27dd647d6dfd7fd606a8da2be5aa4da3cd3e059ea1860e842b81996597,TRUE,TRUE,43579,6696,articlemeta_fulltexts_html,http://www.scielo.br/j/rbcsoc/a/LncSv8s9MDStmGbNJYDW96r/?lang=en,2026-06-04T00:32:02Z,859,0,,PASS,exclude_pilot_175,exclude_analysis_ledger_journals_and_articles,journal_year_pid_with_lua_nova_last
3497,S0102-69092022000200510,Memória actancial: Uma abordagem pragmática de lembranças do contato com a morte violenta,Actancial memory: A pragmatic approach regarding souvenirs of the close encounter with death,Vittorio Talone,2022,1806-9053,Revista Brasileira de Ciências Sociais,10.1590/3710910/2022,research-article,pt,data/processed/fulltext_corpus/article_texts_corpus.csv,TRUE,body_text,data/processed/credibility_prompt_v3_full_corpus/task_packets/3497_S0102-69092022000200510.md,54454e1b11b295c45837556327a68f717a95afb1a89b18feb78b59dcfc01c79c,73bbaababffb161cc3b127dae8adec897771c8d4a0a10df8f2f97a2f61b57799,TRUE,TRUE,49260,7795,articlemeta_fulltexts_html,http://www.scielo.br/j/rbcsoc/a/KYMTTDK7SBQTtpM7YMqFYcN/?lang=pt,2026-06-04T00:32:03Z,958,0,,PASS,exclude_pilot_175,exclude_analysis_ledger_journals_and_articles,journal_year_pid_with_lua_nova_last
3498,S0102-69092022000200511,Dimensões metodológicas do Atlântico Negro: revisitando a obra de Paul Gilroy,Methodological dimensions of the Black Atlantic: revisiting Paul Gilroy's work,Mariana Abreu,2022,1806-9053,Revista Brasileira de Ciências Sociais,10.1590/3710911/2022,research-article,pt,data/processed/fulltext_corpus/article_texts_corpus.csv,TRUE,body_text,data/processed/credibility_prompt_v3_full_corpus/task_packets/3498_S0102-69092022000200511.md,9aea2c8911fea5d9e0c541c3bb383d69c06b98d317bbe9e18f2a7f6da61c05af,740368607b575a93bd778bf8aa6081009c703798f00497f0e23ce430d5bcc587,TRUE,TRUE,45841,6977,articlemeta_fulltexts_html,http://www.scielo.br/j/rbcsoc/a/t3b54d4DvVQqscKPh8J3tjJ/?lang=pt,2026-06-04T00:32:03Z,1067,0,,PASS,exclude_pilot_175,exclude_analysis_ledger_journals_and_articles,journal_year_pid_with_lua_nova_last
3499,S0102-69092022000200512,Disputas políticas entre movimentos sociais: a Universidade dos Trabalhadores IMPA,Political disputes between social movements: the University of Workers IMPA,Ramon Rodrigues Ramalho,2022,1806-9053,Revista Brasileira de Ciências Sociais,10.1590/3710900/2022,research-article,es,data/processed/fulltext_corpus/article_texts_corpus.csv,TRUE,body_text,data/processed/credibility_prompt_v3_full_corpus/task_packets/3499_S0102-69092022000200512.md,29d97a8ebb193af2ae53116ebf401f2d5d750f986b8fc05db9a087bdb1a57ab0,9c0799085d21460b0d76a5aa1789379c2bcdba7175d0c0ad39ac7b7e19dd89f3,TRUE,TRUE,60285,9404,articlemeta_fulltexts_html,http://www.scielo.br/j/rbcsoc/a/yrWwfwWxdSMMrkMQgM9pVvP/?lang=es,2026-06-04T00:32:03Z,1006,0,,PASS,exclude_pilot_175,exclude_analysis_ledger_journals_and_articles,journal_year_pid_with_lua_nova_last
3500,S0102-69092022000300501,Usos da antropofagia: canibalismo caleidoscópico,Uses of anthropophagy: kaleidoscopic cannibalism,Rafael Marino,2022,1806-9053,Revista Brasileira de Ciências Sociais,10.1590/3711000/2022,research-article,pt,data/processed/fulltext_corpus/article_texts_corpus.csv,TRUE,body_text,data/processed/credibility_prompt_v3_full_corpus/task_packets/3500_S0102-69092022000300501.md,50e740bee06195864ae7255bba12bae507e963bfc1cd6c1bd7a0b7f25e576c3f,8036eeb2b7a36ebb71f71acc15309f2391dc8b41ac6078cf8aade9db63d106da,TRUE,TRUE,71332,10985,articlemeta_fulltexts_html,http://www.scielo.br/j/rbcsoc/a/BgMQGtym6QS9fKQtXt4htZC/?lang=pt,2026-06-04T00:32:04Z,910,0,,PASS,exclude_pilot_175,exclude_analysis_ledger_journals_and_articles,journal_year_pid_with_lua_nova_last
3501,S0102-69092022000300502,Entre o vínculo e o distanciamento: desafios na atuação de Agentes Comunitárias de Saúde,Between bond and distance: challenges in the performance of Community Health Workers,Maique Berlote Martins; Davide Carbonai,2022,1806-9053,Revista Brasileira de Ciências Sociais,10.1590/3711001/2022,research-article,pt,data/processed/fulltext_corpus/article_texts_corpus.csv,TRUE,body_text,data/processed/credibility_prompt_v3_full_corpus/task_packets/3501_S0102-69092022000300502.md,97da922c3a93a9abb6cf7986dd76d4f81d28886806532e86ebb772d19cba37e3,b7738cfb608afc9148ad1347f02166889dea9d5a7977213fcff02731c3569c03,TRUE,TRUE,43694,7033,articlemeta_fulltexts_html,http://www.scielo.br/j/rbcsoc/a/MZMgk5j8JRqTwQxXZvHf68f/?lang=pt,2026-06-04T00:32:04Z,1263,0,,PASS,exclude_pilot_175,exclude_analysis_ledger_journals_and_articles,journal_year_pid_with_lua_nova_last
3502,S0102-69092022000300503,Feminismos africanos e teoria política feminista: encontros conceituais e epistemológicos,African feminisms and feminist political theory: conceptual and epistemological encounters,Enzo Lenine; Joyce Amâncio de Aquino Alves,2022,1806-9053,Revista Brasileira de Ciências Sociais,10.1590/3711002/2022,research-article,pt,data/processed/fulltext_corpus/article_texts_corpus.csv,TRUE,body_text,data/processed/credibility_prompt_v3_full_corpus/task_packets/3502_S0102-69092022000300503.md,72631fc2da691f724a4c1bf4d6a98e02ba166e3df3dda55d6529b7d4b32aca06,3b067b0c389b1a647c5abe231e0e6500ab7efa8aa71b108fe71a0bdd42c3bc38,TRUE,TRUE,49398,7139,articlemeta_fulltexts_html,http://www.scielo.br/j/rbcsoc/a/xCf3GdTgxCB97xwD3LMB7vv/?lang=pt,2026-06-04T00:32:04Z,852,0,,PASS,exclude_pilot_175,exclude_analysis_ledger_journals_and_articles,journal_year_pid_with_lua_nova_last
