decision_status,decision_value,decision_note,reviewer,review_date,pid,field,allowed_values,old_value,new_value,reason,decision_hint,confidence,title,authors,year,journal_title,issn,language,url_scielo,abstract_pt,abstract_en,subfield,evidence_type_current,method_status_current,countries_of_focus,main_causal_research_design,brief_justification,old_json,new_json,file,issue_rule,action,excluded_by_journal,excluded_by_article,excluded_from_analysis,exclusion_reason
excluded_by_journal,<NULL>,Exclu<c3><ad>do da an<c3><a1>lise principal por regra de peri<c3><b3>dico: out_of_scope_economics,,,S0101-31572006000200004,error_in_raw_text,No Error | Missing/Corrupt | Title/Text Mismatch,<NULL>,<NULL>,Missing official-schema field added as JSON null.,"Checar se texto/XML est<c3><a1> ausente, corrompido ou incompat<c3><ad>vel com t<c3><ad>tulo.",none,The contagion effect of public debt on monetary policy: the Brazilian experience,Fernando de Holanda Barbosa,2006,Brazilian Journal of Political Economy,0101-3157,en,https://www.scielo.br/scielo.php?script=sci_arttext&pid=S0101-31572006000200004&lng=pt,This paper attempts to explain why the Brazilian inter-bank interest rate is so high compared with rates practiced by other emerging economies. The interplay between the markets for bank reserves and government securities feeds into the inter-bank rate the risk premium of the Brazilian public debt.,This paper attempts to explain why the Brazilian inter-bank interest rate is so high compared with rates practiced by other emerging economies. The interplay between the markets for bank reserves and government securities feeds into the inter-bank rate the risk premium of the Brazilian public debt.,Other,theoretical-normative,essayistic,,,"This is a short theoretical/analytical paper in political economy (published in the Brazilian Journal of Political Economy) that proposes an explanation for why Brazil's inter-bank interest rate is high relative to other emerging economies, arguing that the interplay between bank reserves and government securities markets transmits the public debt risk premium into the inter-bank rate. It contains no empirical data analysis, no figures, tables, or equations, has only 2 references and 8 pages, and reads as an essayistic argument rather than a formal empirical or methodological study. The subfield is classified as 'Other' because it falls under political economy/macroeconomics rather than a standard political science subfield.",null,null,S0101-31572006000200004.json,error_in_raw_text_null,add_missing_null,TRUE,FALSE,TRUE,out_of_scope_economics
excluded_by_journal,<NULL>,Exclu<c3><ad>do da an<c3><a1>lise principal por regra de peri<c3><b3>dico: out_of_scope_economics,,,S0101-31572006000400002,error_in_raw_text,No Error | Missing/Corrupt | Title/Text Mismatch,<NULL>,<NULL>,Missing official-schema field added as JSON null.,"Checar se texto/XML est<c3><a1> ausente, corrompido ou incompat<c3><ad>vel com t<c3><ad>tulo.",none,"Alan Greenspan, the confidence strategy",Edwin Le Heron,2006,Brazilian Journal of Political Economy,0101-3157,en,https://www.scielo.br/scielo.php?script=sci_arttext&pid=S0101-31572006000400002&lng=pt,"To evaluate the Greenspan era, we nevertheless need to address three questions: Is his success due to talent or just luck? Does he have a system of monetary policy or is he himself the system? What will be his legacy? Greenspan was certainly lucky, but he was also clairvoyant. Above all, he has developed a profoundly original monetary policy. His confidence strategy is clearly opposed to the credibility strategy developed in central banks and the academic milieu after 1980, but also inflation targeting, which today constitutes the mainstream monetary policy regime. The question of his legacy seems more nuanced. However, Greenspan will remain 'for a considerable period of time' a highly heterodox and original central banker. His political vision, his perception of an uncertain world, his pragmatism and his openness form the structure of a powerful alternative system, the confidence strategy, which will leave its mark on the history of monetary policy.","To evaluate the Greenspan era, we nevertheless need to address three questions: Is his success due to talent or just luck? Does he have a system of monetary policy or is he himself the system? What will be his legacy? Greenspan was certainly lucky, but he was also clairvoyant. Above all, he has developed a profoundly original monetary policy. His confidence strategy is clearly opposed to the credibility strategy developed in central banks and the academic milieu after 1980, but also inflation targeting, which today constitutes the mainstream monetary policy regime. The question of his legacy seems more nuanced. However, Greenspan will remain 'for a considerable period of time' a highly heterodox and original central banker. His political vision, his perception of an uncertain world, his pragmatism and his openness form the structure of a powerful alternative system, the confidence strategy, which will leave its mark on the history of monetary policy.",Other,theoretical-normative,essayistic,,,"This article is an essayistic, theoretical analysis of Alan Greenspan's monetary policy strategy ('confidence strategy') contrasted with the mainstream 'credibility strategy.' Published in the Brazilian Journal of Political Economy, it belongs to political economy/macroeconomic policy rather than a core political science subfield. It does not conduct any empirical quantitative analysis, uses no data or formal methods, and relies entirely on interpretive discussion of Greenspan's speeches, testimonies, and secondary literature.",null,null,S0101-31572006000400002.json,error_in_raw_text_null,add_missing_null,TRUE,FALSE,TRUE,out_of_scope_economics
excluded_by_journal,<NULL>,Exclu<c3><ad>do da an<c3><a1>lise principal por regra de peri<c3><b3>dico: out_of_scope_economics,,,S0101-31572007000100003,error_in_raw_text,No Error | Missing/Corrupt | Title/Text Mismatch,<NULL>,<NULL>,Missing official-schema field added as JSON null.,"Checar se texto/XML est<c3><a1> ausente, corrompido ou incompat<c3><ad>vel com t<c3><ad>tulo.",none,Liquidez internacional e ciclo reflexo: algumas observações para a América Latina,Marco Flávio da Cunha Resende; Adriana Moreira Amado,2007,Brazilian Journal of Political Economy,0101-3157,pt,https://www.scielo.br/scielo.php?script=sci_arttext&pid=S0101-31572007000100003&lng=pt,"International liquidity and reflex cycle: some observations to Latin America. The international financial instability of the 1990 has been analysed in several occasions on Minskyan perspectives. The paper is based on this theoretical approach and intends to demonstrate that the financial fragility hypothesis is very useful to the analysis of the cycle in peripheral economies, which real performance is associated to the availability of international liquidity. The analysis is based on three Latin American countries: Brazil, Argentina and Mexico.","International liquidity and reflex cycle: some observations to Latin America. The international financial instability of the 1990 has been analysed in several occasions on Minskyan perspectives. The paper is based on this theoretical approach and intends to demonstrate that the financial fragility hypothesis is very useful to the analysis of the cycle in peripheral economies, which real performance is associated to the availability of international liquidity. The analysis is based on three Latin American countries: Brazil, Argentina and Mexico.",Other,theoretical-normative,essayistic,,,"This is a theoretical paper published in the Brazilian Journal of Political Economy that applies Minsky's financial fragility hypothesis to analyze reflex cycles in peripheral Latin American economies (Brazil, Argentina, Mexico) driven by international liquidity. It is primarily a theoretical-analytical piece grounded in Post-Keynesian economics, with no explicit empirical methodology, quantitative data analysis, or formal research design -- it uses theoretical frameworks to describe and interpret macroeconomic phenomena rather than conducting original empirical analysis. The subfield is classified as 'Other' because it is a political economy / macroeconomics paper rather than fitting neatly into standard political science subfields.",null,null,S0101-31572007000100003.json,error_in_raw_text_null,add_missing_null,TRUE,FALSE,TRUE,out_of_scope_economics
excluded_by_journal,<NULL>,Exclu<c3><ad>do da an<c3><a1>lise principal por regra de peri<c3><b3>dico: out_of_scope_economics,,,S0101-31572009000100007,error_in_raw_text,No Error | Missing/Corrupt | Title/Text Mismatch,<NULL>,<NULL>,Missing official-schema field added as JSON null.,"Checar se texto/XML est<c3><a1> ausente, corrompido ou incompat<c3><ad>vel com t<c3><ad>tulo.",none,Discutindo o papel do Programa Bolsa Família na decisão das eleições presidenciais brasileiras de 2006,Rosa Maria Marques; Marcel Guedes Leite; Áquilas Mendes; Mariana Ribeiro Jansen Ferreira,2009,Brazilian Journal of Political Economy,1809-4538,pt,https://www.scielo.br/scielo.php?script=sci_arttext&pid=S0101-31572009000100007&lng=pt,"This paper investigates the relationship between the impact of Bolsa Família Program in the Brazilian population and the result of the presidential elections of 2006. The database involves municipal information provided by MDS, IBGE and TSE. To control the experiment, the eventual influences of other variables in the determination of this relationship had been studied. All those variables come from specific characteristics of the cities, such as: city with predominant urban or not urban population; size of the city population; among others. The results state that the Bolsa Família was, in fact, a very important factor in the determination of the votes in Lula. It was, in itself, responsible by 45% of the total votes in Lula.","This paper investigates the relationship between the impact of Bolsa Família Program in the Brazilian population and the result of the presidential elections of 2006. The database involves municipal information provided by MDS, IBGE and TSE. To control the experiment, the eventual influences of other variables in the determination of this relationship had been studied. All those variables come from specific characteristics of the cities, such as: city with predominant urban or not urban population; size of the city population; among others. The results state that the Bolsa Família was, in fact, a very important factor in the determination of the votes in Lula. It was, in itself, responsible by 45% of the total votes in Lula.",Public Policy/Administration,quantitative,explicit,,Kitchen Sink Linear Model,"This paper investigates the causal effect of the Bolsa Família program on Lula's vote share in the 2006 presidential election using municipal-level data from MDS, IBGE, and TSE. The authors run a regression controlling for city characteristics (urban/rural, population size, etc.) and claim the program was responsible for 45% of Lula's total votes, making an explicit causal claim without formal identification strategy. The analysis uses publicly available administrative data aggregated at the municipality level, not survey data, and the research design is a standard linear regression with controls (kitchen sink approach).",null,null,S0101-31572009000100007.json,error_in_raw_text_null,add_missing_null,TRUE,FALSE,TRUE,out_of_scope_economics
excluded_by_journal,<NULL>,Exclu<c3><ad>do da an<c3><a1>lise principal por regra de peri<c3><b3>dico: out_of_scope_economics,,,S0101-31572010000100002,error_in_raw_text,No Error | Missing/Corrupt | Title/Text Mismatch,<NULL>,<NULL>,Missing official-schema field added as JSON null.,"Checar se texto/XML est<c3><a1> ausente, corrompido ou incompat<c3><ad>vel com t<c3><ad>tulo.",none,Ciência econômica e modelos de explicação científica: retomando a questão,Leda Maria Paulani,2010,Brazilian Journal of Political Economy,0101-3157,pt,https://www.scielo.br/scielo.php?script=sci_arttext&pid=S0101-31572010000100002&lng=pt,"Economic science and scientific explanation models. Economics was born under the sign of methodological vagueness. The first author who tried to solve the question (John Stuart Mill) asserted that it is a kind of knowledge that uses the abstract (direct deductive) method but also that it is an exception because for all other phenomena in the field of moral science the correct method is the inverse deductive or historical method. On the other side, functionalist explanations that are condemned by the scientific precepts of economics are present in the science since its beginning with Adam Smith. Economics went ahead without worriment about these methodological issues but this indefiniteness has never gone off stage. Since the start of XXI century new facts are emerging. Developments in Psychology are giving a new breath to Friedman's point of view and seem to fortify the mainstream (Rogebert e Nordberg, 2005), whereas unfolding in complexity science promises to throw it down and put in its place another kind of explanation borrowed from Biology (Beinhocker, 2006). All this stimulates to retake the question. We do this here, under a critical vision, taking the taxonomy of scientific explanations framed by modern positivism.","Economic science and scientific explanation models. Economics was born under the sign of methodological vagueness. The first author who tried to solve the question (John Stuart Mill) asserted that it is a kind of knowledge that uses the abstract (direct deductive) method but also that it is an exception because for all other phenomena in the field of moral science the correct method is the inverse deductive or historical method. On the other side, functionalist explanations that are condemned by the scientific precepts of economics are present in the science since its beginning with Adam Smith. Economics went ahead without worriment about these methodological issues but this indefiniteness has never gone off stage. Since the start of XXI century new facts are emerging. Developments in Psychology are giving a new breath to Friedman's point of view and seem to fortify the mainstream (Rogebert e Nordberg, 2005), whereas unfolding in complexity science promises to throw it down and put in its place another kind of explanation borrowed from Biology (Beinhocker, 2006). All this stimulates to retake the question. We do this here, under a critical vision, taking the taxonomy of scientific explanations framed by modern positivism.",Methodology and Formal Theory,theoretical-normative,essayistic,,,"This is a theoretical essay on scientific explanation models in economics, discussing methodological issues from J.S. Mill through Friedman to complexity science, using the taxonomy of scientific explanations from modern positivism as its analytical framework. It contains no empirical data analysis, no tables, figures, or equations (all counts are zero), and is purely a philosophy-of-science/methodology discussion. Published in the Brazilian Journal of Political Economy, it falls under methodology and formal theory with an essayistic approach.",null,null,S0101-31572010000100002.json,error_in_raw_text_null,add_missing_null,TRUE,FALSE,TRUE,out_of_scope_economics
excluded_by_journal,<NULL>,Exclu<c3><ad>do da an<c3><a1>lise principal por regra de peri<c3><b3>dico: out_of_scope_economics,,,S0101-31572019000100039,general_goal_of_analysis,Describe | Predict | Explain | <NULL>,Explain the operation of Brazil's golden rule (fiscal rule) and evaluate its performance based on its characteristics and international experience,<NULL>,Free-text goal cannot be mapped safely to Describe/Predict/Explain.,Escolha Describe/Predict/Explain s<c3><b3> se o objetivo anal<c3><ad>tico estiver claro; caso contr<c3><a1>rio use <NULL>.,none,Uma análise da regra de ouro no Brasil,MANOEL PIRES,2019,Brazilian Journal of Political Economy,0101-3157,pt,https://www.scielo.br/scielo.php?script=sci_arttext&pid=S0101-31572019000100039&lng=pt,RESUMO O conjunto de regras fiscais define a operacionalização da política fiscal e como seus objetivos devem ser alcançados. Este artigo tem como objetivo explicar o funcionamento da regra de ouro brasileira e fazer uma avaliação do seu desempenho com base nas suas características e na experiência internacional.,ABSTRACT Fiscal rules specify the way fiscal policy will achieve their goals. This paper explains the operation of Golden rule in Brazil and evaluates whether the main goals have been achieved looking for its attributes and for the international experience.,Public Policy/Administration,qualitative,essayistic,Brazil,,"This is a descriptive institutional analysis of Brazil's fiscal golden rule. The paper explains how the rule operates and evaluates it against international experience (UK, Germany). It contains no tables, figures, or equations, no statistical analysis, no regression models, and only 14 references across 12 pages. It is an essayistic policy evaluation piece, not a quantitative empirical study.","""Explain the operation of Brazil's golden rule (fiscal rule) and evaluate its performance based on its characteristics and international experience""",null,S0101-31572019000100039.json,general_goal_of_analysis_invalid,text_to_null_manual,TRUE,FALSE,TRUE,out_of_scope_economics
excluded_by_journal,<NULL>,Exclu<c3><ad>do da an<c3><a1>lise principal por regra de peri<c3><b3>dico: out_of_scope_economics,,,S0101-31572020000300566,general_goal_of_analysis,Describe | Predict | Explain | <NULL>,"Describe and advocate for Universal Basic Income policy, tracing Brazil's pioneering legislation and highlighting positive experiences in Kenya and Maricá (RJ)",<NULL>,Free-text goal cannot be mapped safely to Describe/Predict/Explain.,Escolha Describe/Predict/Explain s<c3><b3> se o objetivo anal<c3><ad>tico estiver claro; caso contr<c3><a1>rio use <NULL>.,none,A renda básica de cidadania e Quênia,Eduardo Matarazzo Suplicy; Mônica Dallari,2020,Brazilian Journal of Political Economy,0101-3157,en,https://www.scielo.br/scielo.php?script=sci_arttext&pid=S0101-31572020000300566&lng=pt,"RESUMO O Brasil foi o primeiro país do mundo a aprovar lei para instituir, por etapas, uma Renda Básica de Cidadania. Em 1991 apresentei o Projeto para instituir o Programa de Garantia de Renda Mínima. Mais e mais no mundo, há um interesse pela Renda Básica Universal (RBU), com muitas experiências. Dentre elas, as do Quênia. Os resultados de se pagar 22 dólares mensais para os de 18 anos ou mais das vilas rurais tem sido altamente positivos. Maricá (RJ), que pagou para um terço da população, 130 reais mensais a partir de agosto/2019, pagará a RBC para toda a população, 153 mil habitantes, a partir de 2021.","ABSTRACT Brazil is the first national in the world to approve a law to institute, step by step, a Citizen&#8217;s Basic Income. In 1991, I presented a Guaranteed Minimum Income proposal. More and more in the world, there is growing interest and experiences. Among them, in Kenia. The results of paying a Universal Basic Income to all adults with 18 years or more in rural villages are very positive. Maricá (RJ) has started to pay 33 dollars per month to one third of the population last August. By 2021, the Universal Basic Income (UBI) will be paid to all inhabitants.",Public Policy/Administration,theoretical-normative,essayistic,Brazil; Kenya,,"The article is an essayistic, advocacy-oriented piece describing the history and evolution of Universal Basic Income legislation in Brazil and positive experiences in Kenya and Maricá (RJ). It contains no tables, figures, equations, or quantitative analysis. It is primarily normative and descriptive, arguing in favor of UBI adoption, and does not employ any systematic empirical research design.","""Describe and advocate for Universal Basic Income policy, tracing Brazil's pioneering legislation and highlighting positive experiences in Kenya and Maricá (RJ)""",null,S0101-31572020000300566.json,general_goal_of_analysis_invalid,text_to_null_manual,TRUE,FALSE,TRUE,out_of_scope_economics
excluded_by_journal,<NULL>,Exclu<c3><ad>do da an<c3><a1>lise principal por regra de peri<c3><b3>dico: out_of_scope_economics,,,S0101-31572020000400669,general_goal_of_analysis,Describe | Predict | Explain | <NULL>,"Literature review of empirical studies on the effects of capital account liberalization on economic growth and financial instability, arguing that orthodox ex ante theoretical m...",<NULL>,Free-text goal cannot be mapped safely to Describe/Predict/Explain.,Escolha Describe/Predict/Explain s<c3><b3> se o objetivo anal<c3><ad>tico estiver claro; caso contr<c3><a1>rio use <NULL>.,none,Liberalização da conta financeira e seus efeitos sobre crescimento econômico e instabilidade financeira: os modelos ortodoxos exante estavam errados,DIEGO GARCIA ANGELICO; GIULIANO CONTENTO DE OLIVEIRA,2020,Brazilian Journal of Political Economy,1809-4538,en,https://www.scielo.br/scielo.php?script=sci_arttext&pid=S0101-31572020000400669&lng=pt,"RESUMO As crises financeiras nas economias emergentes durante os anos 1990 e 2000 impulsionaram a academia e as instituições multilaterais a investigar se os benefícios prometidos pela abertura financeira estavam sendo observados. No decorrer de estudos empíricos sobre o tema, diversos pressupostos teóricos formulados exante sobre globalização financeira foram desmistificados, e diversos riscos e disfunções até então desconhecidos começaram a ficar evidentes. Este artigo analisa os principais estudos empíricos mainstream sobre os efeitos da globalização financeira publicados nas últimas duas décadas e mostra que os principais pressupostos convencionais que foram formulados para sustentar teoricamente os processos de liberalização da conta financeira que ocorreram ao longo dos anos 1980 e 1990 estavam equivocados.","ABSTRACT The financial crises in emerging economies during the 1990s and 2000s propelled academia and multilateral institutions to investigate whether the promised benefits of capital account liberalization were being delivered or not. In the course of empirical studies on the subject, many ex ante theoretical assumptions on financial globalization were demystified, and previously unknown risks and dysfunctions began to be evidenced. This article analyzes the main empirical studies on the effects of financial globalization published in the last two decades and shows that the main conventional assumptions that were built to theoretically base the capital account liberalization processes that occurred in the 1980s and 1990s were wrong.",International Relations,qualitative,essayistic,,,"This is a literature review article that synthesizes and critiques existing mainstream empirical studies on the effects of capital account liberalization on economic growth and financial instability. It does not conduct any original quantitative analysis — it contains zero tables, figures, or equations, and only 25 references across 20 pages. The article argues narratively that orthodox ex ante theoretical models underpinning financial liberalization in the 1980s-1990s were contradicted by subsequent empirical evidence. As a review essay without original data analysis or formal methodology, it is classified as essayistic and qualitative.","""Literature review of empirical studies on the effects of capital account liberalization on economic growth and financial instability, arguing that orthodox ex ante theoretical models were wrong""",null,S0101-31572020000400669.json,general_goal_of_analysis_invalid,text_to_null_manual,TRUE,FALSE,TRUE,out_of_scope_economics
excluded_by_journal,<NULL>,Exclu<c3><ad>do da an<c3><a1>lise principal por regra de peri<c3><b3>dico: out_of_scope_economics,,,S0101-31572022000300572,general_goal_of_analysis,Describe | Predict | Explain | <NULL>,"Test the hypothesis that capital flow does not influence productive investment in Brazil, and analyze the determinants of productivity conditioned on investment rates, wage cost...",<NULL>,Free-text goal cannot be mapped safely to Describe/Predict/Explain.,Escolha Describe/Predict/Explain s<c3><b3> se o objetivo anal<c3><ad>tico estiver claro; caso contr<c3><a1>rio use <NULL>.,none,"Produtividade, investimento e fluxo de capital: o fracasso do crescimento com poupança externa no Brasil",MARCOS TOSTES LAMONICA; SERGIANY DA SILVA LIMA,2022,Brazilian Journal of Political Economy,0101-3157,pt,https://www.scielo.br/scielo.php?script=sci_arttext&pid=S0101-31572022000300572&lng=pt,"RESUMO Este trabalho analisa a produtividade e a hipótese do fluxo de capital não influenciar o investimento na economia brasileira. Para tal, apresentamos uma equação de produtividade condicionada as taxas de: investimentos, custos salariais, e demanda externa. A relação entre a produtividade e às taxas de investimentos e salários sugere uma possível simultaneidade, dada a natureza distributiva da renda agregada entre capital e trabalho. Portanto, são utilizados estimadores que tratam a endogeneidade em dois estágios: os Mínimos Quadrados em Dois Estágios (MQ2E) e os Mínimos Momentos Generalizados (MMG), para maior robustez dos resultados. Encontramos que a taxa de investimentos explica a produtividade, mas o fluxo de capitais não determina o investimento produtivo. Além disso, o investimento brasileiro se mostra mais suscetível aos parâmetros de eficiência marginal do capital, cuja queda tem afetado a produtividade brasileira desde os anos 1980.","ABSTRACT This work analyzes productivity and the hypothesis that capital flow does not influence investment in the Brazilian economy. To do so, we present a productivity equation conditioned on the rates of: investments, wage costs, and external demand. The relationship between productivity and investment and wage rates suggests a possible simultaneity, given the distributive nature of aggregate income between capital and labor. Therefore, estimators that treat endogeneity in two stages are used: the Two-Stage Least Squares (MQ2E) and the Generalized Least Moments (MMG), to increase the robustness of the results. We find that the investment rate explains productivity, but capital flow does not determine productive investment. In addition, Brazilian investment is more susceptible to the parameters of marginal capital efficiency, whose fall has affected Brazilian productivity since the 1980s.",Other,quantitative,explicit,Brazil,Instrumental Variable,"Empirical macroeconomics paper using time-series data for Brazil with 2SLS and GMM estimators to address endogeneity between productivity and investment/wage variables. Tests a new-developmentalist hypothesis that foreign savings (capital flow) does not promote productive investment. The paper specifies econometric equations, acknowledges simultaneity bias, and uses instrumental variable methods, though the specific instruments and sample size are not detailed in the available metadata. Published in a political economy journal with a Kaldorian/post-Keynesian theoretical framework.","""Test the hypothesis that capital flow does not influence productive investment in Brazil, and analyze the determinants of productivity conditioned on investment rates, wage costs, and external demand""",null,S0101-31572022000300572.json,general_goal_of_analysis_invalid,text_to_null_manual,TRUE,FALSE,TRUE,out_of_scope_economics
excluded_by_journal,<NULL>,Exclu<c3><ad>do da an<c3><a1>lise principal por regra de peri<c3><b3>dico: out_of_scope_social_sciences,,,S1519-60892014000300419,general_goal_of_analysis,Describe | Predict | Explain | <NULL>,"Discuss the effects of globalization on religion, focusing on detraditionalization, religious pluralization, and identity autonomy, through the analysis of two illustrative cases",<NULL>,Free-text goal cannot be mapped safely to Describe/Predict/Explain.,Escolha Describe/Predict/Explain s<c3><b3> se o objetivo anal<c3><ad>tico estiver claro; caso contr<c3><a1>rio use <NULL>.,none,Globalização e religião: Efeitos do pluralismo global no campo religioso contemporâneo,Airton Luiz Jungblut,2014,Civitas - Revista de Ciências Sociais,1984-7289,pt,https://www.scielo.br/scielo.php?script=sci_arttext&pid=S1519-60892014000300419&lng=pt,"Resumo Neste artigo discute-se alguns dos efeitos da globalização sobre a religião. São abordados as relações entre globalização e tradição e o efeito destradiciona-lizante deste processo ao favorecer a pluralização religiosa e, consequentemente, uma grande autonomia identitária dos indivíduos em busca de bens religiosos. Para tanto, são analisados dois casos reveladores de dinâmicas distintas frente a esses processos todos.","Abstract In this article are discussed some of the effects of the globalization on religion, such as the relation between globalization and tradition, and the detraditionalizationing effect that globalization has by promoting religious pluralization and, consequently, leading to an autonomy of identities of those individuals who search for religious goods. For that, I analyze two cases with distinct features regarding all these processes.",Other,theoretical-normative,essayistic,,,"This is a theoretical essay in the sociology of religion that discusses the effects of globalization on religious pluralization and identity autonomy. It analyzes two illustrative cases but employs no quantitative methods, no statistical analysis, no formal research design, and no systematic data collection. All 35 references are books. The article is structured as a conceptual discussion drawing on sociological theory (Giddens, Bauman, Berger, Hervieu-Léger) rather than empirical testing of hypotheses.","""Discuss the effects of globalization on religion, focusing on detraditionalization, religious pluralization, and identity autonomy, through the analysis of two illustrative cases""",null,S1519-60892014000300419.json,general_goal_of_analysis_invalid,text_to_null_manual,TRUE,FALSE,TRUE,out_of_scope_social_sciences
excluded_by_journal,<NULL>,Exclu<c3><ad>do da an<c3><a1>lise principal por regra de peri<c3><b3>dico: out_of_scope_social_sciences,,,S1519-60892014000300452,general_goal_of_analysis,Describe | Predict | Explain | <NULL>,"Examines transnational Shia religious networks and the limits of Iran's political influence in Iraq, arguing that nationalism and statism undermine transnational religious colle...",<NULL>,Free-text goal cannot be mapped safely to Describe/Predict/Explain.,Escolha Describe/Predict/Explain s<c3><b3> se o objetivo anal<c3><ad>tico estiver claro; caso contr<c3><a1>rio use <NULL>.,none,O Irã e atores religiosos xiitas transnacionais: Limites da influência política,Jeffrey Haynes,2014,Civitas - Revista de Ciências Sociais,1519-6089,en,https://www.scielo.br/scielo.php?script=sci_arttext&pid=S1519-60892014000300452&lng=pt,"Resumo: Este trabalho tem vários objetivos. Primeiro, ele analisa brevemente a natureza e as características dos atores religiosos transnacionais contemporâneas e, em segundo lugar, identifica o conceito de &#8220;soft power religioso transnacional&#8221;, que, em minha opinião, esses atores devem ter em conta a fim de alcançarem seus objetivos. Em terceiro lugar, eu me concentro em redes xiitas transnacionais no contexto da atual tentativa do Irã de adquirir maior influência política externa no Iraque. O artigo argumenta que as redes xiitas transnacionais no Irã e Iraque têm uma capacidade relativamente limitada para forjar e perseguir metas religiosas coletivas porque elas são significativamente perpassadas por preocupações nacionalistas e estatistas. Não estou argumentando que o nacionalismo e o estatismo necessariamente sobrepassam metas religiosas transnacionais &#8211; embora no caso deste estudo isso seja realmente o caso.","Abstract This paper has several objectives. First, it briefly examines the nature and characteristics of contemporary transnational religious actors and, second, identifies the concept of &#8216;transnational religious soft power&#8217;, which, I argue, such actors must have in order to achieve their objectives. Third, I focus on transnational Shia networks in the context of Iran's current attempt to acquire increased foreign policy influence in Iraq. The paper argues that transnational Shia networks in Iran and Iraq have relatively limited capacity to forge and pursue religious collective goals, as they are significantly undermined by nationalist and statist concerns. This is not to allege that nationalism and statism necessarily trump transnational religious goals &#8211; although in our case study this is indeed the case.",International Relations,qualitative,essayistic,Iran; Iraq,,"This is a qualitative case study in international relations examining Iran's transnational Shia networks and their limited political influence in Iraq. The paper uses no quantitative data, no tables, no figures, and no statistical analysis. It develops the concept of 'transnational religious soft power' and applies it to the Iran-Iraq case, relying on secondary sources and analytical argumentation rather than systematic empirical methods.","""Examines transnational Shia religious networks and the limits of Iran's political influence in Iraq, arguing that nationalism and statism undermine transnational religious collective goals""",null,S1519-60892014000300452.json,general_goal_of_analysis_invalid,text_to_null_manual,TRUE,FALSE,TRUE,out_of_scope_social_sciences
excluded_by_journal,<NULL>,Exclu<c3><ad>do da an<c3><a1>lise principal por regra de peri<c3><b3>dico: out_of_scope_economics,,,S0101-31572020000400669,single_country_study,single_country | multiple_countries | <NULL>,FALSE,FALSE,Cannot infer single vs multiple countries safely.,Use single_country para um pa<c3><ad>s focal; multiple_countries para compara<c3><a7><c3><a3>o cross-country; <NULL> se n<c3><a3>o aplic<c3><a1>vel.,none,Liberalização da conta financeira e seus efeitos sobre crescimento econômico e instabilidade financeira: os modelos ortodoxos exante estavam errados,DIEGO GARCIA ANGELICO; GIULIANO CONTENTO DE OLIVEIRA,2020,Brazilian Journal of Political Economy,1809-4538,en,https://www.scielo.br/scielo.php?script=sci_arttext&pid=S0101-31572020000400669&lng=pt,"RESUMO As crises financeiras nas economias emergentes durante os anos 1990 e 2000 impulsionaram a academia e as instituições multilaterais a investigar se os benefícios prometidos pela abertura financeira estavam sendo observados. No decorrer de estudos empíricos sobre o tema, diversos pressupostos teóricos formulados exante sobre globalização financeira foram desmistificados, e diversos riscos e disfunções até então desconhecidos começaram a ficar evidentes. Este artigo analisa os principais estudos empíricos mainstream sobre os efeitos da globalização financeira publicados nas últimas duas décadas e mostra que os principais pressupostos convencionais que foram formulados para sustentar teoricamente os processos de liberalização da conta financeira que ocorreram ao longo dos anos 1980 e 1990 estavam equivocados.","ABSTRACT The financial crises in emerging economies during the 1990s and 2000s propelled academia and multilateral institutions to investigate whether the promised benefits of capital account liberalization were being delivered or not. In the course of empirical studies on the subject, many ex ante theoretical assumptions on financial globalization were demystified, and previously unknown risks and dysfunctions began to be evidenced. This article analyzes the main empirical studies on the effects of financial globalization published in the last two decades and shows that the main conventional assumptions that were built to theoretically base the capital account liberalization processes that occurred in the 1980s and 1990s were wrong.",International Relations,qualitative,essayistic,,,"This is a literature review article that synthesizes and critiques existing mainstream empirical studies on the effects of capital account liberalization on economic growth and financial instability. It does not conduct any original quantitative analysis — it contains zero tables, figures, or equations, and only 25 references across 20 pages. The article argues narratively that orthodox ex ante theoretical models underpinning financial liberalization in the 1980s-1990s were contradicted by subsequent empirical evidence. As a review essay without original data analysis or formal methodology, it is classified as essayistic and qualitative.",false,false,S0101-31572020000400669.json,single_country_study_invalid,no_change_manual,TRUE,FALSE,TRUE,out_of_scope_economics
excluded_by_journal,<NULL>,Exclu<c3><ad>do da an<c3><a1>lise principal por regra de peri<c3><b3>dico: out_of_scope_social_sciences,,,S1519-60892014000200285,single_country_study,single_country | multiple_countries | <NULL>,FALSE,FALSE,Cannot infer single vs multiple countries safely.,Use single_country para um pa<c3><ad>s focal; multiple_countries para compara<c3><a7><c3><a3>o cross-country; <NULL> se n<c3><a3>o aplic<c3><a1>vel.,none,Narrar &#8211; mostrar &#8211; ver: Como analisar um álbum de fotos de família em conexão com uma entrevista narrativa,Roswitha Breckner,2014,Civitas - Revista de Ciências Sociais,1519-6089,pt,https://www.scielo.br/scielo.php?script=sci_arttext&pid=S1519-60892014000200285&lng=pt,"Resumo: Álbuns de fotos de família são lugares onde memórias são criadas e fixadas (Chalfen, 1987). Eles consistem principalmente de fotografias e outros tipos de material visual (cartões postais, bilhetes ou ingressos etc.), bem como de legendas e comentários mais ou menos extensos. Tradicionalmente, os retratos são organizados em um livreto, isto é, em uma ordem sequencial que se baseia implicitamente em uma estrutura pictórica e narrativa de apresentação e criação de uma &#8220;moldura familiar&#8221; (Hirsch, 1997[2002]). Como emerge uma imagem específica de &#8220;família&#8221;, fundamentada em experiências e convenções, quando se cria e olha um álbum de fotos de família? Enfocando esta pergunta geral, neste artigo se apresenta a análise de um álbum de família. Com isso, tornar-se-á visível a maneira metodológica de interpretar uma autoapresentação pictórica. Os resultados desta análise são combinados e contextualizados por uma entrevista narrativa biográfica.","Abstract: Family photo albums are places where memories are created and fixed (Chalfen, 1987). They consist mainly of photographs and other kind of visual material (postcards, tickets, etc.), as well as more or less extensive captions and comments. Traditionally, the pictures are organized in a booklet, that is in a sequential order which implicitly is based on a pictorial as well as narrative structure of presenting and creating a &#8216;family frame&#8217; (Hirsch, 1997/2002). How a specific image of &#8216;family&#8217; emerges, grounded in experience and conventions, when creating and looking at a family photo album? Focusing on this general question, in this article the analysis of a family album is presented. Hereby the methodical way of interpreting a pictorial self-presentation will be made visible. The results of this analysis are combined and contextualized by a biographic-narrative interview.",Other,qualitative,explicit,,,"This is a sociology article (not political science) presenting a qualitative methodology for analyzing family photo albums in connection with narrative biographical interviews. The author, based at the University of Vienna's Institute of Sociology, demonstrates a method of pictorial interpretation (segment analysis) applied to a single family album case study. There is no quantitative analysis, no causal claims, no statistical methods, and no focus on political science topics. The paper is methodological in nature, falling outside standard political science subfields.",false,false,S1519-60892014000200285.json,single_country_study_invalid,no_change_manual,TRUE,FALSE,TRUE,out_of_scope_social_sciences
excluded_by_journal,<NULL>,Exclu<c3><ad>do da an<c3><a1>lise principal por regra de peri<c3><b3>dico: out_of_scope_economics,,,S0101-31572018000300526,single_region,single_region | multiple_region | <NULL>,FALSE,FALSE,Cannot infer regional scope safely from this value.,Use single_region/multiple_region apenas para escopo regional claro; <NULL> se n<c3><a3>o aplic<c3><a1>vel.,none,Governos Lula e Dilma em matéria de seguridade social e acesso à educação superior,ROSA MARIA MARQUES; SALOMÃO BARROS XIMENES; CAMILA KIMIE UGINO,2018,Brazilian Journal of Political Economy,0101-3157,pt,https://www.scielo.br/scielo.php?script=sci_arttext&pid=S0101-31572018000300526&lng=pt,"RESUMO O artigo faz um balanço das políticas sociais desenvolvidas no Brasil pelos governos Lula e Dilma (2003 - 2016). Nosso enfoque são as políticas de Seguridade Social e de acesso à educação superior, cuja apresentação e análise fazemos em quatro partes. A primeira é dedicada ao Programa Bolsa Família, considerado o carro-chefe dos programas sociais do PT. A segunda parte trata da Previdência Social e da política de valorização do salário mínimo; a terceira analisa aspectos da Saúde e do Sistema Único de Saúde (SUS) e a quarta aborda a política de acesso à educação superior. Conclui-se que as políticas sociais realizadas pelos governos Lula e Dilma apresentam um duplo caráter. De um lado, não há dúvida de que constituíram um avanço, melhorando as condições de vida e de reprodução das parcelas mais pobres do país, sobretudo por conta do Programa Bolsa Família, da valorização do salário mínimo e, para uma menor parcela, do acesso à educação superior gratuita. De outro lado, percebe-se que a via ou o instrumento eleito para que essa melhora ocorresse foi a renda ou o salário, mantendo-se, em geral, sem alteração as estruturas seculares que geram a pobreza e a desigualdade no país. Ao mesmo tempo, tais governos foram determinantes na consolidação do setor privado em aéreas de política social, inflando a pressão por privatização que tenderá a se acentuar nos próximos anos.","ABSTRACT The article analyzes the social policies developed in Brazil by the Lula and Dilma governments (2003-2016). The focus is the Social Security and the access to higher education policies, presented and analyzed in four parts. The first is dedicated to the Bolsa Família Program, considered the flagship of PT&#8217;s social programs. The second part deals with Social Security and the policy of valorization of the minimum wage; the third examines aspects of Health and the Unified Health System (SUS) and the fourth addresses the policy of access to higher education. It is concluded that the social policies carried out by the Lula and Dilma governments have a twofold character. On the one hand, they have undoubtedly been a step forward, improving living and reproductive conditions in the poorest parts of the country, especially because of the Bolsa Família Program, the valuation of the minimum wage and, to a smaller part, access to education. On the other hand, it can be seen that the path or instruments chosen for this improvement was income or wages, and the secular structures that generate poverty and inequality in the country are generally unchanged. At the same time, such governments were decisive in consolidating the private sector in social policy areas, inflating the pressure for privatization that will tend to intensify in the coming years.",Public Policy/Administration,qualitative,essayistic,Brazil,,"This article provides a qualitative policy review ('balanço') of social policies under the Lula and Dilma governments (2003-2016), covering Bolsa Família, social security, minimum wage, health (SUS), and higher education access. It contains no tables, figures, or equations, and employs no quantitative methods, statistical analysis, or causal research design. The analysis is essayistic, drawing on secondary sources and policy documents to argue that these governments improved conditions for the poorest via income transfers while leaving structural causes of poverty unchanged and consolidating private sector roles in social policy.",false,false,S0101-31572018000300526.json,single_region_invalid,no_change_manual,TRUE,FALSE,TRUE,out_of_scope_economics
excluded_by_journal,<NULL>,Exclu<c3><ad>do da an<c3><a1>lise principal por regra de peri<c3><b3>dico: out_of_scope_economics,,,S0101-31572019000100039,single_region,single_region | multiple_region | <NULL>,FALSE,FALSE,Cannot infer regional scope safely from this value.,Use single_region/multiple_region apenas para escopo regional claro; <NULL> se n<c3><a3>o aplic<c3><a1>vel.,none,Uma análise da regra de ouro no Brasil,MANOEL PIRES,2019,Brazilian Journal of Political Economy,0101-3157,pt,https://www.scielo.br/scielo.php?script=sci_arttext&pid=S0101-31572019000100039&lng=pt,RESUMO O conjunto de regras fiscais define a operacionalização da política fiscal e como seus objetivos devem ser alcançados. Este artigo tem como objetivo explicar o funcionamento da regra de ouro brasileira e fazer uma avaliação do seu desempenho com base nas suas características e na experiência internacional.,ABSTRACT Fiscal rules specify the way fiscal policy will achieve their goals. This paper explains the operation of Golden rule in Brazil and evaluates whether the main goals have been achieved looking for its attributes and for the international experience.,Public Policy/Administration,qualitative,essayistic,Brazil,,"This is a descriptive institutional analysis of Brazil's fiscal golden rule. The paper explains how the rule operates and evaluates it against international experience (UK, Germany). It contains no tables, figures, or equations, no statistical analysis, no regression models, and only 14 references across 12 pages. It is an essayistic policy evaluation piece, not a quantitative empirical study.",false,false,S0101-31572019000100039.json,single_region_invalid,no_change_manual,TRUE,FALSE,TRUE,out_of_scope_economics
excluded_by_journal,<NULL>,Exclu<c3><ad>do da an<c3><a1>lise principal por regra de peri<c3><b3>dico: out_of_scope_economics,,,S0101-31572020000400669,single_region,single_region | multiple_region | <NULL>,FALSE,FALSE,Cannot infer regional scope safely from this value.,Use single_region/multiple_region apenas para escopo regional claro; <NULL> se n<c3><a3>o aplic<c3><a1>vel.,none,Liberalização da conta financeira e seus efeitos sobre crescimento econômico e instabilidade financeira: os modelos ortodoxos exante estavam errados,DIEGO GARCIA ANGELICO; GIULIANO CONTENTO DE OLIVEIRA,2020,Brazilian Journal of Political Economy,1809-4538,en,https://www.scielo.br/scielo.php?script=sci_arttext&pid=S0101-31572020000400669&lng=pt,"RESUMO As crises financeiras nas economias emergentes durante os anos 1990 e 2000 impulsionaram a academia e as instituições multilaterais a investigar se os benefícios prometidos pela abertura financeira estavam sendo observados. No decorrer de estudos empíricos sobre o tema, diversos pressupostos teóricos formulados exante sobre globalização financeira foram desmistificados, e diversos riscos e disfunções até então desconhecidos começaram a ficar evidentes. Este artigo analisa os principais estudos empíricos mainstream sobre os efeitos da globalização financeira publicados nas últimas duas décadas e mostra que os principais pressupostos convencionais que foram formulados para sustentar teoricamente os processos de liberalização da conta financeira que ocorreram ao longo dos anos 1980 e 1990 estavam equivocados.","ABSTRACT The financial crises in emerging economies during the 1990s and 2000s propelled academia and multilateral institutions to investigate whether the promised benefits of capital account liberalization were being delivered or not. In the course of empirical studies on the subject, many ex ante theoretical assumptions on financial globalization were demystified, and previously unknown risks and dysfunctions began to be evidenced. This article analyzes the main empirical studies on the effects of financial globalization published in the last two decades and shows that the main conventional assumptions that were built to theoretically base the capital account liberalization processes that occurred in the 1980s and 1990s were wrong.",International Relations,qualitative,essayistic,,,"This is a literature review article that synthesizes and critiques existing mainstream empirical studies on the effects of capital account liberalization on economic growth and financial instability. It does not conduct any original quantitative analysis — it contains zero tables, figures, or equations, and only 25 references across 20 pages. The article argues narratively that orthodox ex ante theoretical models underpinning financial liberalization in the 1980s-1990s were contradicted by subsequent empirical evidence. As a review essay without original data analysis or formal methodology, it is classified as essayistic and qualitative.",false,false,S0101-31572020000400669.json,single_region_invalid,no_change_manual,TRUE,FALSE,TRUE,out_of_scope_economics
excluded_by_journal,<NULL>,Exclu<c3><ad>do da an<c3><a1>lise principal por regra de peri<c3><b3>dico: out_of_scope_economics,,,S0101-31572022000300572,single_region,single_region | multiple_region | <NULL>,FALSE,FALSE,Cannot infer regional scope safely from this value.,Use single_region/multiple_region apenas para escopo regional claro; <NULL> se n<c3><a3>o aplic<c3><a1>vel.,none,"Produtividade, investimento e fluxo de capital: o fracasso do crescimento com poupança externa no Brasil",MARCOS TOSTES LAMONICA; SERGIANY DA SILVA LIMA,2022,Brazilian Journal of Political Economy,0101-3157,pt,https://www.scielo.br/scielo.php?script=sci_arttext&pid=S0101-31572022000300572&lng=pt,"RESUMO Este trabalho analisa a produtividade e a hipótese do fluxo de capital não influenciar o investimento na economia brasileira. Para tal, apresentamos uma equação de produtividade condicionada as taxas de: investimentos, custos salariais, e demanda externa. A relação entre a produtividade e às taxas de investimentos e salários sugere uma possível simultaneidade, dada a natureza distributiva da renda agregada entre capital e trabalho. Portanto, são utilizados estimadores que tratam a endogeneidade em dois estágios: os Mínimos Quadrados em Dois Estágios (MQ2E) e os Mínimos Momentos Generalizados (MMG), para maior robustez dos resultados. Encontramos que a taxa de investimentos explica a produtividade, mas o fluxo de capitais não determina o investimento produtivo. Além disso, o investimento brasileiro se mostra mais suscetível aos parâmetros de eficiência marginal do capital, cuja queda tem afetado a produtividade brasileira desde os anos 1980.","ABSTRACT This work analyzes productivity and the hypothesis that capital flow does not influence investment in the Brazilian economy. To do so, we present a productivity equation conditioned on the rates of: investments, wage costs, and external demand. The relationship between productivity and investment and wage rates suggests a possible simultaneity, given the distributive nature of aggregate income between capital and labor. Therefore, estimators that treat endogeneity in two stages are used: the Two-Stage Least Squares (MQ2E) and the Generalized Least Moments (MMG), to increase the robustness of the results. We find that the investment rate explains productivity, but capital flow does not determine productive investment. In addition, Brazilian investment is more susceptible to the parameters of marginal capital efficiency, whose fall has affected Brazilian productivity since the 1980s.",Other,quantitative,explicit,Brazil,Instrumental Variable,"Empirical macroeconomics paper using time-series data for Brazil with 2SLS and GMM estimators to address endogeneity between productivity and investment/wage variables. Tests a new-developmentalist hypothesis that foreign savings (capital flow) does not promote productive investment. The paper specifies econometric equations, acknowledges simultaneity bias, and uses instrumental variable methods, though the specific instruments and sample size are not detailed in the available metadata. Published in a political economy journal with a Kaldorian/post-Keynesian theoretical framework.",false,false,S0101-31572022000300572.json,single_region_invalid,no_change_manual,TRUE,FALSE,TRUE,out_of_scope_economics
excluded_by_journal,<NULL>,Exclu<c3><ad>do da an<c3><a1>lise principal por regra de peri<c3><b3>dico: out_of_scope_social_sciences,,,S1519-60892014000300452,single_region,single_region | multiple_region | <NULL>,Middle East,Middle East,Cannot infer regional scope safely from this value.,Use single_region/multiple_region apenas para escopo regional claro; <NULL> se n<c3><a3>o aplic<c3><a1>vel.,none,O Irã e atores religiosos xiitas transnacionais: Limites da influência política,Jeffrey Haynes,2014,Civitas - Revista de Ciências Sociais,1519-6089,en,https://www.scielo.br/scielo.php?script=sci_arttext&pid=S1519-60892014000300452&lng=pt,"Resumo: Este trabalho tem vários objetivos. Primeiro, ele analisa brevemente a natureza e as características dos atores religiosos transnacionais contemporâneas e, em segundo lugar, identifica o conceito de &#8220;soft power religioso transnacional&#8221;, que, em minha opinião, esses atores devem ter em conta a fim de alcançarem seus objetivos. Em terceiro lugar, eu me concentro em redes xiitas transnacionais no contexto da atual tentativa do Irã de adquirir maior influência política externa no Iraque. O artigo argumenta que as redes xiitas transnacionais no Irã e Iraque têm uma capacidade relativamente limitada para forjar e perseguir metas religiosas coletivas porque elas são significativamente perpassadas por preocupações nacionalistas e estatistas. Não estou argumentando que o nacionalismo e o estatismo necessariamente sobrepassam metas religiosas transnacionais &#8211; embora no caso deste estudo isso seja realmente o caso.","Abstract This paper has several objectives. First, it briefly examines the nature and characteristics of contemporary transnational religious actors and, second, identifies the concept of &#8216;transnational religious soft power&#8217;, which, I argue, such actors must have in order to achieve their objectives. Third, I focus on transnational Shia networks in the context of Iran's current attempt to acquire increased foreign policy influence in Iraq. The paper argues that transnational Shia networks in Iran and Iraq have relatively limited capacity to forge and pursue religious collective goals, as they are significantly undermined by nationalist and statist concerns. This is not to allege that nationalism and statism necessarily trump transnational religious goals &#8211; although in our case study this is indeed the case.",International Relations,qualitative,essayistic,Iran; Iraq,,"This is a qualitative case study in international relations examining Iran's transnational Shia networks and their limited political influence in Iraq. The paper uses no quantitative data, no tables, no figures, and no statistical analysis. It develops the concept of 'transnational religious soft power' and applies it to the Iran-Iraq case, relying on secondary sources and analytical argumentation rather than systematic empirical methods.","""Middle East""","""Middle East""",S1519-60892014000300452.json,single_region_invalid,no_change_manual,TRUE,FALSE,TRUE,out_of_scope_social_sciences
excluded_by_journal,<NULL>,Exclu<c3><ad>do da an<c3><a1>lise principal por regra de peri<c3><b3>dico: out_of_scope_social_sciences,,,S1519-60892014000200341,uses_original_dataset,original_survey | field_experiment | field_study | structure_systematize | procure_original_data | other_original_data | not_original | <NULL>,Qualitative fieldwork data (narratives from elderly participants in an extension project),Qualitative fieldwork data (narratives from elderly participants in an extension project),Original-data category cannot be inferred safely.,Decida tipo de dado original; use not_original se n<c3><a3>o h<c3><a1> dados originais; <NULL> se n<c3><a3>o aplic<c3><a1>vel.,none,Memória de idosos: As narrativas em diferentes espaços de interação social,Ana Keila Mosca Pinezi; Marilda Aparecida de Menezes; Alexandre Soares Cavalcante,2014,Civitas - Revista de Ciências Sociais,1519-6089,pt,https://www.scielo.br/scielo.php?script=sci_arttext&pid=S1519-60892014000200341&lng=pt,"Resumo: Este artigo tem como objetivo analisar as narrativas de memória construídas por idosos que residem nos bairros Bangu e Santa Terezinha, onde situa-se a Universidade Federal do ABC, campus Santo André, SP. Esses idosos participaram de um projeto de extensão desenvolvido por uma equipe dessa universidade, cujo objetivo foi de propiciar um espaço de construção de memória por meio de conversas e do acesso a tecnologias informacionais e comunicacionais. Pretendemos analisar como, nesses espaços interativos, emergem diferentes conteúdos e formas de narrar, bem como expressões do corpo e do imaginário diante dos equipamentos digitais e de sua manipulação. Por entre fotografias de filhos e netos, da mocidade e da idade &#8220;madura&#8221;, do café e quitutes caseiros no ambiente universitário, esses idosos tornaram os equipamentos de informática em uma experiência de inclusão digital e de expressão da memória, e os espaços interativos foram uma experiência de aproximação entre a memória dos sujeitos que ocupam um dos bairros mais antigos da cidade, Santa Terezinha, e a memória dos jovens universitários.","Abstract: This article aims to analyze narratives built by the memory work of elderlies who live in Bangu and Santa Terezinha neighborhoods, in Santo André campus, São Paulo, where the Federal University of ABC has a campus. These elderlies take part on an extension project which had the aim of offering a memory building space through conversations and access to communication and information technologies. This article intends to analyze the different contents and forms of narration, as well as expressions of body and imaginary arise in these interactive space in front of digital equipments. Among photographs of children and grandchildren, of their youth and in the &#8220;mature&#8221; age, coffee and homemade delicacies in the university environment, these seniors transformed the contact experience with the computer equipment in digital inclusion and expression spaces for the memory. These interactive experience approached the memory of the inhabitants of the oldest neighborhoods of the city, Santa Terezinha, and the memory of the young students.",Other,qualitative,essayistic,Brazil,,"This is a qualitative sociology/anthropology article analyzing memory narratives of elderly residents in Santo André (SP, Brazil) who participated in a university extension project involving digital inclusion. It uses oral history and narrative analysis methods drawing on Halbwachs, Bosi, Pollak, Goffman, and Bourdieu. There is no quantitative component, no causal inference framework, and no statistical analysis. The article falls outside political science subfields, belonging more to social sciences/sociology/gerontology.","""Qualitative fieldwork data (narratives from elderly participants in an extension project)""","""Qualitative fieldwork data (narratives from elderly participants in an extension project)""",S1519-60892014000200341.json,uses_original_dataset_invalid,no_change_manual,TRUE,FALSE,TRUE,out_of_scope_social_sciences
excluded_by_journal,<NULL>,Exclu<c3><ad>do da an<c3><a1>lise principal por regra de peri<c3><b3>dico: out_of_scope_economics,,,S0101-31572018000300526,effort_to_explore_mechanisms,No Mention of Mechanisms/Channels | Mechanisms/Channels Mentioned But Not Explored | Mechanisms/Channels Mentioned With Substantial Exploration | <NULL>,FALSE,FALSE,Mechanism-exploration level cannot be inferred safely from a logical value.,Marque No Mention se n<c3><a3>o houver mecanismos; Mentioned But Not Explored se s<c3><b3> menciona; Substantial Exploration se analisa mecanismos.,none,Governos Lula e Dilma em matéria de seguridade social e acesso à educação superior,ROSA MARIA MARQUES; SALOMÃO BARROS XIMENES; CAMILA KIMIE UGINO,2018,Brazilian Journal of Political Economy,0101-3157,pt,https://www.scielo.br/scielo.php?script=sci_arttext&pid=S0101-31572018000300526&lng=pt,"RESUMO O artigo faz um balanço das políticas sociais desenvolvidas no Brasil pelos governos Lula e Dilma (2003 - 2016). Nosso enfoque são as políticas de Seguridade Social e de acesso à educação superior, cuja apresentação e análise fazemos em quatro partes. A primeira é dedicada ao Programa Bolsa Família, considerado o carro-chefe dos programas sociais do PT. A segunda parte trata da Previdência Social e da política de valorização do salário mínimo; a terceira analisa aspectos da Saúde e do Sistema Único de Saúde (SUS) e a quarta aborda a política de acesso à educação superior. Conclui-se que as políticas sociais realizadas pelos governos Lula e Dilma apresentam um duplo caráter. De um lado, não há dúvida de que constituíram um avanço, melhorando as condições de vida e de reprodução das parcelas mais pobres do país, sobretudo por conta do Programa Bolsa Família, da valorização do salário mínimo e, para uma menor parcela, do acesso à educação superior gratuita. De outro lado, percebe-se que a via ou o instrumento eleito para que essa melhora ocorresse foi a renda ou o salário, mantendo-se, em geral, sem alteração as estruturas seculares que geram a pobreza e a desigualdade no país. Ao mesmo tempo, tais governos foram determinantes na consolidação do setor privado em aéreas de política social, inflando a pressão por privatização que tenderá a se acentuar nos próximos anos.","ABSTRACT The article analyzes the social policies developed in Brazil by the Lula and Dilma governments (2003-2016). The focus is the Social Security and the access to higher education policies, presented and analyzed in four parts. The first is dedicated to the Bolsa Família Program, considered the flagship of PT&#8217;s social programs. The second part deals with Social Security and the policy of valorization of the minimum wage; the third examines aspects of Health and the Unified Health System (SUS) and the fourth addresses the policy of access to higher education. It is concluded that the social policies carried out by the Lula and Dilma governments have a twofold character. On the one hand, they have undoubtedly been a step forward, improving living and reproductive conditions in the poorest parts of the country, especially because of the Bolsa Família Program, the valuation of the minimum wage and, to a smaller part, access to education. On the other hand, it can be seen that the path or instruments chosen for this improvement was income or wages, and the secular structures that generate poverty and inequality in the country are generally unchanged. At the same time, such governments were decisive in consolidating the private sector in social policy areas, inflating the pressure for privatization that will tend to intensify in the coming years.",Public Policy/Administration,qualitative,essayistic,Brazil,,"This article provides a qualitative policy review ('balanço') of social policies under the Lula and Dilma governments (2003-2016), covering Bolsa Família, social security, minimum wage, health (SUS), and higher education access. It contains no tables, figures, or equations, and employs no quantitative methods, statistical analysis, or causal research design. The analysis is essayistic, drawing on secondary sources and policy documents to argue that these governments improved conditions for the poorest via income transfers while leaving structural causes of poverty unchanged and consolidating private sector roles in social policy.",false,false,S0101-31572018000300526.json,effort_to_explore_mechanisms_invalid,no_change_manual,TRUE,FALSE,TRUE,out_of_scope_economics
excluded_by_journal,<NULL>,Exclu<c3><ad>do da an<c3><a1>lise principal por regra de peri<c3><b3>dico: out_of_scope_economics,,,S0101-31572019000100039,effort_to_explore_mechanisms,No Mention of Mechanisms/Channels | Mechanisms/Channels Mentioned But Not Explored | Mechanisms/Channels Mentioned With Substantial Exploration | <NULL>,FALSE,FALSE,Mechanism-exploration level cannot be inferred safely from a logical value.,Marque No Mention se n<c3><a3>o houver mecanismos; Mentioned But Not Explored se s<c3><b3> menciona; Substantial Exploration se analisa mecanismos.,none,Uma análise da regra de ouro no Brasil,MANOEL PIRES,2019,Brazilian Journal of Political Economy,0101-3157,pt,https://www.scielo.br/scielo.php?script=sci_arttext&pid=S0101-31572019000100039&lng=pt,RESUMO O conjunto de regras fiscais define a operacionalização da política fiscal e como seus objetivos devem ser alcançados. Este artigo tem como objetivo explicar o funcionamento da regra de ouro brasileira e fazer uma avaliação do seu desempenho com base nas suas características e na experiência internacional.,ABSTRACT Fiscal rules specify the way fiscal policy will achieve their goals. This paper explains the operation of Golden rule in Brazil and evaluates whether the main goals have been achieved looking for its attributes and for the international experience.,Public Policy/Administration,qualitative,essayistic,Brazil,,"This is a descriptive institutional analysis of Brazil's fiscal golden rule. The paper explains how the rule operates and evaluates it against international experience (UK, Germany). It contains no tables, figures, or equations, no statistical analysis, no regression models, and only 14 references across 12 pages. It is an essayistic policy evaluation piece, not a quantitative empirical study.",false,false,S0101-31572019000100039.json,effort_to_explore_mechanisms_invalid,no_change_manual,TRUE,FALSE,TRUE,out_of_scope_economics
excluded_by_journal,<NULL>,Exclu<c3><ad>do da an<c3><a1>lise principal por regra de peri<c3><b3>dico: out_of_scope_economics,,,S0101-31572020000300566,effort_to_explore_mechanisms,No Mention of Mechanisms/Channels | Mechanisms/Channels Mentioned But Not Explored | Mechanisms/Channels Mentioned With Substantial Exploration | <NULL>,FALSE,FALSE,Mechanism-exploration level cannot be inferred safely from a logical value.,Marque No Mention se n<c3><a3>o houver mecanismos; Mentioned But Not Explored se s<c3><b3> menciona; Substantial Exploration se analisa mecanismos.,none,A renda básica de cidadania e Quênia,Eduardo Matarazzo Suplicy; Mônica Dallari,2020,Brazilian Journal of Political Economy,0101-3157,en,https://www.scielo.br/scielo.php?script=sci_arttext&pid=S0101-31572020000300566&lng=pt,"RESUMO O Brasil foi o primeiro país do mundo a aprovar lei para instituir, por etapas, uma Renda Básica de Cidadania. Em 1991 apresentei o Projeto para instituir o Programa de Garantia de Renda Mínima. Mais e mais no mundo, há um interesse pela Renda Básica Universal (RBU), com muitas experiências. Dentre elas, as do Quênia. Os resultados de se pagar 22 dólares mensais para os de 18 anos ou mais das vilas rurais tem sido altamente positivos. Maricá (RJ), que pagou para um terço da população, 130 reais mensais a partir de agosto/2019, pagará a RBC para toda a população, 153 mil habitantes, a partir de 2021.","ABSTRACT Brazil is the first national in the world to approve a law to institute, step by step, a Citizen&#8217;s Basic Income. In 1991, I presented a Guaranteed Minimum Income proposal. More and more in the world, there is growing interest and experiences. Among them, in Kenia. The results of paying a Universal Basic Income to all adults with 18 years or more in rural villages are very positive. Maricá (RJ) has started to pay 33 dollars per month to one third of the population last August. By 2021, the Universal Basic Income (UBI) will be paid to all inhabitants.",Public Policy/Administration,theoretical-normative,essayistic,Brazil; Kenya,,"The article is an essayistic, advocacy-oriented piece describing the history and evolution of Universal Basic Income legislation in Brazil and positive experiences in Kenya and Maricá (RJ). It contains no tables, figures, equations, or quantitative analysis. It is primarily normative and descriptive, arguing in favor of UBI adoption, and does not employ any systematic empirical research design.",false,false,S0101-31572020000300566.json,effort_to_explore_mechanisms_invalid,no_change_manual,TRUE,FALSE,TRUE,out_of_scope_economics
excluded_by_journal,<NULL>,Exclu<c3><ad>do da an<c3><a1>lise principal por regra de peri<c3><b3>dico: out_of_scope_economics,,,S0101-31572020000400669,effort_to_explore_mechanisms,No Mention of Mechanisms/Channels | Mechanisms/Channels Mentioned But Not Explored | Mechanisms/Channels Mentioned With Substantial Exploration | <NULL>,FALSE,FALSE,Mechanism-exploration level cannot be inferred safely from a logical value.,Marque No Mention se n<c3><a3>o houver mecanismos; Mentioned But Not Explored se s<c3><b3> menciona; Substantial Exploration se analisa mecanismos.,none,Liberalização da conta financeira e seus efeitos sobre crescimento econômico e instabilidade financeira: os modelos ortodoxos exante estavam errados,DIEGO GARCIA ANGELICO; GIULIANO CONTENTO DE OLIVEIRA,2020,Brazilian Journal of Political Economy,1809-4538,en,https://www.scielo.br/scielo.php?script=sci_arttext&pid=S0101-31572020000400669&lng=pt,"RESUMO As crises financeiras nas economias emergentes durante os anos 1990 e 2000 impulsionaram a academia e as instituições multilaterais a investigar se os benefícios prometidos pela abertura financeira estavam sendo observados. No decorrer de estudos empíricos sobre o tema, diversos pressupostos teóricos formulados exante sobre globalização financeira foram desmistificados, e diversos riscos e disfunções até então desconhecidos começaram a ficar evidentes. Este artigo analisa os principais estudos empíricos mainstream sobre os efeitos da globalização financeira publicados nas últimas duas décadas e mostra que os principais pressupostos convencionais que foram formulados para sustentar teoricamente os processos de liberalização da conta financeira que ocorreram ao longo dos anos 1980 e 1990 estavam equivocados.","ABSTRACT The financial crises in emerging economies during the 1990s and 2000s propelled academia and multilateral institutions to investigate whether the promised benefits of capital account liberalization were being delivered or not. In the course of empirical studies on the subject, many ex ante theoretical assumptions on financial globalization were demystified, and previously unknown risks and dysfunctions began to be evidenced. This article analyzes the main empirical studies on the effects of financial globalization published in the last two decades and shows that the main conventional assumptions that were built to theoretically base the capital account liberalization processes that occurred in the 1980s and 1990s were wrong.",International Relations,qualitative,essayistic,,,"This is a literature review article that synthesizes and critiques existing mainstream empirical studies on the effects of capital account liberalization on economic growth and financial instability. It does not conduct any original quantitative analysis — it contains zero tables, figures, or equations, and only 25 references across 20 pages. The article argues narratively that orthodox ex ante theoretical models underpinning financial liberalization in the 1980s-1990s were contradicted by subsequent empirical evidence. As a review essay without original data analysis or formal methodology, it is classified as essayistic and qualitative.",false,false,S0101-31572020000400669.json,effort_to_explore_mechanisms_invalid,no_change_manual,TRUE,FALSE,TRUE,out_of_scope_economics
excluded_by_journal,<NULL>,Exclu<c3><ad>do da an<c3><a1>lise principal por regra de peri<c3><b3>dico: out_of_scope_economics,,,S0101-31572022000300572,effort_to_explore_mechanisms,No Mention of Mechanisms/Channels | Mechanisms/Channels Mentioned But Not Explored | Mechanisms/Channels Mentioned With Substantial Exploration | <NULL>,TRUE,TRUE,Mechanism-exploration level cannot be inferred safely from a logical value.,Marque No Mention se n<c3><a3>o houver mecanismos; Mentioned But Not Explored se s<c3><b3> menciona; Substantial Exploration se analisa mecanismos.,none,"Produtividade, investimento e fluxo de capital: o fracasso do crescimento com poupança externa no Brasil",MARCOS TOSTES LAMONICA; SERGIANY DA SILVA LIMA,2022,Brazilian Journal of Political Economy,0101-3157,pt,https://www.scielo.br/scielo.php?script=sci_arttext&pid=S0101-31572022000300572&lng=pt,"RESUMO Este trabalho analisa a produtividade e a hipótese do fluxo de capital não influenciar o investimento na economia brasileira. Para tal, apresentamos uma equação de produtividade condicionada as taxas de: investimentos, custos salariais, e demanda externa. A relação entre a produtividade e às taxas de investimentos e salários sugere uma possível simultaneidade, dada a natureza distributiva da renda agregada entre capital e trabalho. Portanto, são utilizados estimadores que tratam a endogeneidade em dois estágios: os Mínimos Quadrados em Dois Estágios (MQ2E) e os Mínimos Momentos Generalizados (MMG), para maior robustez dos resultados. Encontramos que a taxa de investimentos explica a produtividade, mas o fluxo de capitais não determina o investimento produtivo. Além disso, o investimento brasileiro se mostra mais suscetível aos parâmetros de eficiência marginal do capital, cuja queda tem afetado a produtividade brasileira desde os anos 1980.","ABSTRACT This work analyzes productivity and the hypothesis that capital flow does not influence investment in the Brazilian economy. To do so, we present a productivity equation conditioned on the rates of: investments, wage costs, and external demand. The relationship between productivity and investment and wage rates suggests a possible simultaneity, given the distributive nature of aggregate income between capital and labor. Therefore, estimators that treat endogeneity in two stages are used: the Two-Stage Least Squares (MQ2E) and the Generalized Least Moments (MMG), to increase the robustness of the results. We find that the investment rate explains productivity, but capital flow does not determine productive investment. In addition, Brazilian investment is more susceptible to the parameters of marginal capital efficiency, whose fall has affected Brazilian productivity since the 1980s.",Other,quantitative,explicit,Brazil,Instrumental Variable,"Empirical macroeconomics paper using time-series data for Brazil with 2SLS and GMM estimators to address endogeneity between productivity and investment/wage variables. Tests a new-developmentalist hypothesis that foreign savings (capital flow) does not promote productive investment. The paper specifies econometric equations, acknowledges simultaneity bias, and uses instrumental variable methods, though the specific instruments and sample size are not detailed in the available metadata. Published in a political economy journal with a Kaldorian/post-Keynesian theoretical framework.",true,true,S0101-31572022000300572.json,effort_to_explore_mechanisms_invalid,no_change_manual,TRUE,FALSE,TRUE,out_of_scope_economics
excluded_by_journal,<NULL>,Exclu<c3><ad>do da an<c3><a1>lise principal por regra de peri<c3><b3>dico: out_of_scope_economics,,,S0101-31572023000400837,effort_to_explore_mechanisms,No Mention of Mechanisms/Channels | Mechanisms/Channels Mentioned But Not Explored | Mechanisms/Channels Mentioned With Substantial Exploration | <NULL>,FALSE,FALSE,Mechanism-exploration level cannot be inferred safely from a logical value.,Marque No Mention se n<c3><a3>o houver mecanismos; Mentioned But Not Explored se s<c3><b3> menciona; Substantial Exploration se analisa mecanismos.,none,Planejamento estatal e convenções de desenvolvimento para a transição verde sustentável,CARMEM FEIJÓ; FERNANDA FEIL; LINNIT PESSOA,2023,Brazilian Journal of Political Economy,1809-4538,en,https://www.scielo.br/scielo.php?script=sci_arttext&pid=S0101-31572023000400837&lng=pt,"RESUMO A crise climática é uma crise humanitária. Eventos climáticos extremos abalam o mundo e as políticas de adaptação e mitigação climáticas devem fazer parte do planejamento de Estados Nacionais. O não cumprimento da meta definida pelo acordo de Paris (aumento de temperatura em até 2ºC, tentando limitar a 1,5ºC em relação ao nível pré-industrial, até 2050) ameaça a manutenção do padrão e das condições de vida que conhecemos hoje. Nesse contexto, o Estado precisa retomar seu protagonismo enquanto promotor de políticas públicas dado que é o agente econômico capaz de trazer estabilidade, reduzir a desigualdade e traçar regras para planejamentos visando o crescimento de longo prazo com sustentabilidade ambiental - ou seja, o crescimento com desenvolvimento econômico no contexto de transição climática. O processo de transição verde sustentável necessita de coordenação entre os agentes econômicos em uma nova configuração das relações de produção - ou seja, uma nova Convenção para o Desenvolvimento Sustentável. Esse processo deverá contar com a participação ativa do Estado, do mercado e da sociedade civil. Nesse sentindo, a retomada das práticas de planejamento estatal será essencial para coordenar a alocação dos fatores, direcionando as economias para a transição verde sustentável. A promoção de uma mudança na convenção econômica, focada na transição verde sustentável, é essencial para enfrentar o desafio que se impõe. É nesse sentido que o planejamento econômico é parte da estratégia para conduzir à transição verde sustentável. Este artigo defende a necessidade de uma Convenção para o Desenvolvimento Sustentável que resgate o Estado desenvolvimentista em contraponto ao Estado neoliberal, em grande medida subordinado aos interesses rentistas do sistema financeiro.","ABSTRACT The climate crisis is a humanitarian crisis. Extreme weather events disrupt the world, and adaptation and mitigation policies should be part of the National States&#8217; planning. Failing to meet the target set by the Paris Agreement, which aims to limit the temperature rise to 1.5ºC or a maximum of 2ºC by 2050 compared to pre-industrial levels, threatens living standards and conditions. In this context, the State needs to resume its role as a promoter of public policies capable of bringing stability, reducing inequality and establishing rules for planning aimed at long-term growth with environmental sustainability - i.e., growth with economic development in the context of the climate crisis. The sustainable green transition process requires coordination among economic agents in a new configuration of production relations - a new Sustainable Development Convention. This process should involve the active participation of the State, the market and civil society. Therefore, the resumption of State planning practices will be essential to coordinate the allocation of resources and direct economies toward a sustainable green transition. Promoting a change in the economic convention focused on the sustainable green transition is essential to face the challenge ahead. Hence, economic planning is part of the sustainable green transition strategy. This article argues for the need for a Sustainable Development Convention that rescues the developmental State in counterpoint to the neoliberal State, primarily subordinated to the rentier interests of the financial system.",Public Policy/Administration,theoretical-normative,essayistic,,,"This is a theoretical-normative essay arguing for the role of state planning in promoting a sustainable green transition through a 'Sustainable Development Convention.' It draws on Keynesian and institutional economics to make a normative case for the developmental State versus the neoliberal State. There is no empirical quantitative analysis: zero tables, figures, or equations, and no data or statistical methods are employed.",false,false,S0101-31572023000400837.json,effort_to_explore_mechanisms_invalid,no_change_manual,TRUE,FALSE,TRUE,out_of_scope_economics
excluded_by_journal,<NULL>,Exclu<c3><ad>do da an<c3><a1>lise principal por regra de peri<c3><b3>dico: out_of_scope_social_sciences,,,S1519-60892014000200285,effort_to_explore_mechanisms,No Mention of Mechanisms/Channels | Mechanisms/Channels Mentioned But Not Explored | Mechanisms/Channels Mentioned With Substantial Exploration | <NULL>,FALSE,FALSE,Mechanism-exploration level cannot be inferred safely from a logical value.,Marque No Mention se n<c3><a3>o houver mecanismos; Mentioned But Not Explored se s<c3><b3> menciona; Substantial Exploration se analisa mecanismos.,none,Narrar &#8211; mostrar &#8211; ver: Como analisar um álbum de fotos de família em conexão com uma entrevista narrativa,Roswitha Breckner,2014,Civitas - Revista de Ciências Sociais,1519-6089,pt,https://www.scielo.br/scielo.php?script=sci_arttext&pid=S1519-60892014000200285&lng=pt,"Resumo: Álbuns de fotos de família são lugares onde memórias são criadas e fixadas (Chalfen, 1987). Eles consistem principalmente de fotografias e outros tipos de material visual (cartões postais, bilhetes ou ingressos etc.), bem como de legendas e comentários mais ou menos extensos. Tradicionalmente, os retratos são organizados em um livreto, isto é, em uma ordem sequencial que se baseia implicitamente em uma estrutura pictórica e narrativa de apresentação e criação de uma &#8220;moldura familiar&#8221; (Hirsch, 1997[2002]). Como emerge uma imagem específica de &#8220;família&#8221;, fundamentada em experiências e convenções, quando se cria e olha um álbum de fotos de família? Enfocando esta pergunta geral, neste artigo se apresenta a análise de um álbum de família. Com isso, tornar-se-á visível a maneira metodológica de interpretar uma autoapresentação pictórica. Os resultados desta análise são combinados e contextualizados por uma entrevista narrativa biográfica.","Abstract: Family photo albums are places where memories are created and fixed (Chalfen, 1987). They consist mainly of photographs and other kind of visual material (postcards, tickets, etc.), as well as more or less extensive captions and comments. Traditionally, the pictures are organized in a booklet, that is in a sequential order which implicitly is based on a pictorial as well as narrative structure of presenting and creating a &#8216;family frame&#8217; (Hirsch, 1997/2002). How a specific image of &#8216;family&#8217; emerges, grounded in experience and conventions, when creating and looking at a family photo album? Focusing on this general question, in this article the analysis of a family album is presented. Hereby the methodical way of interpreting a pictorial self-presentation will be made visible. The results of this analysis are combined and contextualized by a biographic-narrative interview.",Other,qualitative,explicit,,,"This is a sociology article (not political science) presenting a qualitative methodology for analyzing family photo albums in connection with narrative biographical interviews. The author, based at the University of Vienna's Institute of Sociology, demonstrates a method of pictorial interpretation (segment analysis) applied to a single family album case study. There is no quantitative analysis, no causal claims, no statistical methods, and no focus on political science topics. The paper is methodological in nature, falling outside standard political science subfields.",false,false,S1519-60892014000200285.json,effort_to_explore_mechanisms_invalid,no_change_manual,TRUE,FALSE,TRUE,out_of_scope_social_sciences
excluded_by_journal,<NULL>,Exclu<c3><ad>do da an<c3><a1>lise principal por regra de peri<c3><b3>dico: out_of_scope_social_sciences,,,S1519-60892014000300419,effort_to_explore_mechanisms,No Mention of Mechanisms/Channels | Mechanisms/Channels Mentioned But Not Explored | Mechanisms/Channels Mentioned With Substantial Exploration | <NULL>,FALSE,FALSE,Mechanism-exploration level cannot be inferred safely from a logical value.,Marque No Mention se n<c3><a3>o houver mecanismos; Mentioned But Not Explored se s<c3><b3> menciona; Substantial Exploration se analisa mecanismos.,none,Globalização e religião: Efeitos do pluralismo global no campo religioso contemporâneo,Airton Luiz Jungblut,2014,Civitas - Revista de Ciências Sociais,1984-7289,pt,https://www.scielo.br/scielo.php?script=sci_arttext&pid=S1519-60892014000300419&lng=pt,"Resumo Neste artigo discute-se alguns dos efeitos da globalização sobre a religião. São abordados as relações entre globalização e tradição e o efeito destradiciona-lizante deste processo ao favorecer a pluralização religiosa e, consequentemente, uma grande autonomia identitária dos indivíduos em busca de bens religiosos. Para tanto, são analisados dois casos reveladores de dinâmicas distintas frente a esses processos todos.","Abstract In this article are discussed some of the effects of the globalization on religion, such as the relation between globalization and tradition, and the detraditionalizationing effect that globalization has by promoting religious pluralization and, consequently, leading to an autonomy of identities of those individuals who search for religious goods. For that, I analyze two cases with distinct features regarding all these processes.",Other,theoretical-normative,essayistic,,,"This is a theoretical essay in the sociology of religion that discusses the effects of globalization on religious pluralization and identity autonomy. It analyzes two illustrative cases but employs no quantitative methods, no statistical analysis, no formal research design, and no systematic data collection. All 35 references are books. The article is structured as a conceptual discussion drawing on sociological theory (Giddens, Bauman, Berger, Hervieu-Léger) rather than empirical testing of hypotheses.",false,false,S1519-60892014000300419.json,effort_to_explore_mechanisms_invalid,no_change_manual,TRUE,FALSE,TRUE,out_of_scope_social_sciences
excluded_by_journal,<NULL>,Exclu<c3><ad>do da an<c3><a1>lise principal por regra de peri<c3><b3>dico: out_of_scope_social_sciences,,,S1519-60892014000300452,effort_to_explore_mechanisms,No Mention of Mechanisms/Channels | Mechanisms/Channels Mentioned But Not Explored | Mechanisms/Channels Mentioned With Substantial Exploration | <NULL>,TRUE,TRUE,Mechanism-exploration level cannot be inferred safely from a logical value.,Marque No Mention se n<c3><a3>o houver mecanismos; Mentioned But Not Explored se s<c3><b3> menciona; Substantial Exploration se analisa mecanismos.,none,O Irã e atores religiosos xiitas transnacionais: Limites da influência política,Jeffrey Haynes,2014,Civitas - Revista de Ciências Sociais,1519-6089,en,https://www.scielo.br/scielo.php?script=sci_arttext&pid=S1519-60892014000300452&lng=pt,"Resumo: Este trabalho tem vários objetivos. Primeiro, ele analisa brevemente a natureza e as características dos atores religiosos transnacionais contemporâneas e, em segundo lugar, identifica o conceito de &#8220;soft power religioso transnacional&#8221;, que, em minha opinião, esses atores devem ter em conta a fim de alcançarem seus objetivos. Em terceiro lugar, eu me concentro em redes xiitas transnacionais no contexto da atual tentativa do Irã de adquirir maior influência política externa no Iraque. O artigo argumenta que as redes xiitas transnacionais no Irã e Iraque têm uma capacidade relativamente limitada para forjar e perseguir metas religiosas coletivas porque elas são significativamente perpassadas por preocupações nacionalistas e estatistas. Não estou argumentando que o nacionalismo e o estatismo necessariamente sobrepassam metas religiosas transnacionais &#8211; embora no caso deste estudo isso seja realmente o caso.","Abstract This paper has several objectives. First, it briefly examines the nature and characteristics of contemporary transnational religious actors and, second, identifies the concept of &#8216;transnational religious soft power&#8217;, which, I argue, such actors must have in order to achieve their objectives. Third, I focus on transnational Shia networks in the context of Iran's current attempt to acquire increased foreign policy influence in Iraq. The paper argues that transnational Shia networks in Iran and Iraq have relatively limited capacity to forge and pursue religious collective goals, as they are significantly undermined by nationalist and statist concerns. This is not to allege that nationalism and statism necessarily trump transnational religious goals &#8211; although in our case study this is indeed the case.",International Relations,qualitative,essayistic,Iran; Iraq,,"This is a qualitative case study in international relations examining Iran's transnational Shia networks and their limited political influence in Iraq. The paper uses no quantitative data, no tables, no figures, and no statistical analysis. It develops the concept of 'transnational religious soft power' and applies it to the Iran-Iraq case, relying on secondary sources and analytical argumentation rather than systematic empirical methods.",true,true,S1519-60892014000300452.json,effort_to_explore_mechanisms_invalid,no_change_manual,TRUE,FALSE,TRUE,out_of_scope_social_sciences
excluded_by_journal,<NULL>,Exclu<c3><ad>do da an<c3><a1>lise principal por regra de peri<c3><b3>dico: out_of_scope_economics,,,S0101-31572022000300572,main_variable_relationship,<NULL> | structured_json_required,"Effect of investment rate on productivity, and effect of capital flow on productive investment","Effect of investment rate on productivity, and effect of capital flow on productive investment",Free-text value cannot be transformed safely into a structured array.,Use <NULL> salvo se for codificar JSON estruturado com IV/DV/rela<c3><a7><c3><a3>o.,none,"Produtividade, investimento e fluxo de capital: o fracasso do crescimento com poupança externa no Brasil",MARCOS TOSTES LAMONICA; SERGIANY DA SILVA LIMA,2022,Brazilian Journal of Political Economy,0101-3157,pt,https://www.scielo.br/scielo.php?script=sci_arttext&pid=S0101-31572022000300572&lng=pt,"RESUMO Este trabalho analisa a produtividade e a hipótese do fluxo de capital não influenciar o investimento na economia brasileira. Para tal, apresentamos uma equação de produtividade condicionada as taxas de: investimentos, custos salariais, e demanda externa. A relação entre a produtividade e às taxas de investimentos e salários sugere uma possível simultaneidade, dada a natureza distributiva da renda agregada entre capital e trabalho. Portanto, são utilizados estimadores que tratam a endogeneidade em dois estágios: os Mínimos Quadrados em Dois Estágios (MQ2E) e os Mínimos Momentos Generalizados (MMG), para maior robustez dos resultados. Encontramos que a taxa de investimentos explica a produtividade, mas o fluxo de capitais não determina o investimento produtivo. Além disso, o investimento brasileiro se mostra mais suscetível aos parâmetros de eficiência marginal do capital, cuja queda tem afetado a produtividade brasileira desde os anos 1980.","ABSTRACT This work analyzes productivity and the hypothesis that capital flow does not influence investment in the Brazilian economy. To do so, we present a productivity equation conditioned on the rates of: investments, wage costs, and external demand. The relationship between productivity and investment and wage rates suggests a possible simultaneity, given the distributive nature of aggregate income between capital and labor. Therefore, estimators that treat endogeneity in two stages are used: the Two-Stage Least Squares (MQ2E) and the Generalized Least Moments (MMG), to increase the robustness of the results. We find that the investment rate explains productivity, but capital flow does not determine productive investment. In addition, Brazilian investment is more susceptible to the parameters of marginal capital efficiency, whose fall has affected Brazilian productivity since the 1980s.",Other,quantitative,explicit,Brazil,Instrumental Variable,"Empirical macroeconomics paper using time-series data for Brazil with 2SLS and GMM estimators to address endogeneity between productivity and investment/wage variables. Tests a new-developmentalist hypothesis that foreign savings (capital flow) does not promote productive investment. The paper specifies econometric equations, acknowledges simultaneity bias, and uses instrumental variable methods, though the specific instruments and sample size are not detailed in the available metadata. Published in a political economy journal with a Kaldorian/post-Keynesian theoretical framework.","""Effect of investment rate on productivity, and effect of capital flow on productive investment""","""Effect of investment rate on productivity, and effect of capital flow on productive investment""",S0101-31572022000300572.json,main_variable_relationship_not_array_or_null,no_change_manual,TRUE,FALSE,TRUE,out_of_scope_economics
